cast_name,cast_id
,1
 ,2
 MD,3
 The Duchess of Sussex,4
"""Big Feggans",5
A.J. Langer,6
A.J. Riebli  III,7
A.J. Trauth,8
AJ Buckley,9
Aaron Dessner,10
Aaron Landon,11
Aaron Schwartz,12
Aaron Springer,13
Abraham Benrubi,14
Abraham Riedel-Mishaan,15
Adam Alexi-Malle,16
Adam Beach,17
Adam Chambers,18
Adam DeVine,19
Adam Devine,20
Adam DiMarco,21
Adam Driver,22
Adam Garcia,23
Adam Hicks,24
Adam Irigoyen,25
Adam LaVorgna,26
Adam Lamberg,27
Adam Lambert,28
Adam McArthur,29
Adam Ryen,30
Adam Sandler,31
Adam Wylie,32
Addison Andrews,33
Addison Holley,34
Adjany Costa,35
Adolphe Menjou,36
Adrian Pasdar,37
Adrian Petriw,38
Adrian Truss,39
Adriana Caselotti,40
Adrienne Bailon,41
Agnes Hailstone,42
Agneta Eckemyr,43
Agustina Palma,44
"Ahmir-Khalib ""Questlove"" Thompson",45
Aiden Pompey,46
Aimee Carrero,47
Aimee Garcia,48
Aimee Teegarden,49
Aisha de Haas,50
Aisling Bea,51
Al Harrington,52
Al Yankovic,53
Alain Chabat,54
Alain Goulem,55
Alan Arkin,56
Alan Cumming,57
Alan Dale,58
Alan Dinehart,59
Alan Fine,60
Alan Hewitt,61
Alan Ladd,62
Alan North,63
Alan Oppenheimer,64
Alan Roberts,65
Alan Tilvern,66
Alan Tudyk,67
Alan Young,68
Alana Austin,69
Alanna Ubach,70
Albert Brooks,71
Albert Hall,72
Albert Lin,73
Albert Sharpe,74
Albert Tsai,75
Alden Ehrenreich,76
Alec Baldwin,77
Alec Guinness,78
Alec Mapa,79
Aleisha Allen,80
Alessandra Toreson,81
Alex D. Linz,82
Alex Datcher,83
Alex Desert,84
Alex Dsert,85
Alex Garfin,86
Alex Hirsch,87
Alex Honnold,88
Alex Jones,89
Alex Linz,90
Alex Mackenzie,91
Alex Neuberger,92
Alex Norton,93
Alex Rocco,94
Alexander Braczkowski,95
Alexander Gould,96
Alexander Jean,97
Alexander Ludwig,98
Alexandra Daddario,99
Alexandra Krosney,100
Alexis Bledel,101
Alfonso Ribeiro,102
Alfre Woodard,103
Alfred Molina,104
Ali Ameri,105
Ali Mukadam,106
Ali Stroker,107
Ali Wong,108
Alice Braga,109
Alice Evans,110
Alice Ghostley,111
Alice Playten,112
Alicia Silverstone,113
Alicia Witt,114
Alison Fernandez,115
Alison Lohman,116
Alison Pill,117
Aliyah Taylor,118
Allegra Acosta,119
Allen Maldonado,120
Allison Holker,121
Allison Janney,122
Allison Mack,123
Allisyn Arm,124
Allisyn Ashley Arm,125
Ally Maki,126
Ally Walker,127
Aloma Wright,128
Alondra Toledo,129
Alton Fitzgerald White,130
Alyson Court,131
Alyson Hannigan,132
Alyson Michalka,133
Alyson Morgan,134
Alyson Reed,135
Alyson Stoner,136
Alyssa Milano,137
Amanda Leighton,138
Amanda Maddock,139
Amanda Michalka,140
Amanda Shaw,141
Amber Hood,142
Amber Riley,143
Ameko Eks Mass Carroll,144
America Ferrera,145
Amy Adams,146
Amy Bruckner,147
Amy Farrington,148
Amy Irving,149
Amy Morton,150
Amy Poehler,151
Amy Sedaris,152
Amy Smart,153
Amy Stewart,154
Amy Wright,155
Andr Sogliuzzo,156
Andre Braugher,157
Andre Stojka,158
Andre the Giant,159
Andrea Bocelli,160
Andrea Bowen,161
Andrea Martin,162
Andrea de Alba,163
Andrew Allen,164
Andrew Caldwell,165
Andrew Cruickshank,166
Andrew Ducote,167
Andrew Duggan,168
Andrew Keegan,169
Andrew Keenan-Bolger,170
Andrew Kishino,171
Andrew Krivanek,172
Andrew Lawrence,173
Andrew McDonough,174
Andrew Sabiston,175
Andries Rossouw,176
Andy Bassich,177
Andy Casagrande,178
Andy Dick,179
Andy Fischer-Price,180
Andy Gala,181
Andy Lawrence,182
Andy Milonakis,183
Angela Bassett,184
Angela Kinsey,185
Angela Lansbury,186
Angelina Jolie,187
Angourie Rice,188
Angus Jones,189
Angus MacLane,190
Anika Rose,191
Anjali Chadha,192
Anjelica Huston,193
Ann-Margret ,194
Anna Cathcart,195
Anna Cummer,196
Anna Deavere Smith,197
Anna Kendrick,198
Anna Paquin,199
Anna Popplewell,200
AnnaSophia Robb,201
Anne Archer,202
Anne Hathaway,203
Anneliese van der Pol,204
Annette Funicello,205
Annie McElwain,206
Annie Potts,207
Ansel Elgort,208
Anson Mount,209
Anthony Anderson,210
Anthony Burnett,211
Anthony Daniels,212
Anthony Gonzalez,213
Anthony Hopkins,214
Anthony James,215
Anthony Mackie,216
Anthony Michael Ruivivar,217
Anthony Perkins,218
Anthony Rapp,219
Anthony Ruivivar,220
Anthony Wong,221
Anupam Kher,222
April Winchell,223
Apthon Corbin,224
Arapata McKay,225
Archie Panjabi,226
Archie Yates,227
Ari Rubin,228
Ariana Brown,229
Ariana Greenblatt,230
Ariel Martin,231
Ariela Barer,232
Arielle Kebbel,233
Arlene Dahl,234
Armie Hammer,235
Arnold Schwarzenegger,236
Art Edmonds,237
Art Fleur,238
Art La Fleur,239
Art Malik,240
Artemis Pebdani,241
Arthur Hill,242
Arthur Malet,243
Arun Rao,244
Aryan Simhadri,245
As Himself,246
Asa Butterfield,247
Ashely Johnson,248
Asher Angel,249
Asher Brodkey,250
Ashley Argota,251
Ashley Brown,252
Ashley Eckstein,253
Ashley Jensen,254
Ashley Johnson,255
Ashley Tisdale,256
Ashly Burch,257
Athena Karkanis,258
Atticus Shaffer,259
Aubree Miller,260
Audra McDonald,261
August Maturo,262
August Schellenberg,263
Auli'i Cravalho,264
Aurora Miranda,265
Austin Butler,266
Austin Madison,267
Austin Nichols,268
Austin North,269
Ava Kolker,270
Ava Ro,271
Avantika,272
Awkwafina,273
Awkwafina ,274
Axel Geddes,275
Azran Bin Ahmad,276
B.D. Wong,277
BTS ,278
Baby Quillan,279
Barack Obama,280
Barbara Cook,281
Barbara Luddy,282
Barbara Streisand,283
Barclay Hope,284
Barnard Hughes,285
Barret Oliver,286
Barrie Ingham,287
Barry Bostwick,288
Barry Miller,289
Barry Newman,290
Bart Thomasson,291
Basil Rathbone,292
Basil Ruysdael,293
Basil Sydney,294
Beah Richards,295
Bear Grylls,296
Beau Mirchoff,297
Beau Weaver,298
Belinda Metz,299
Belinda Peregrin,300
Belinda Stewart-Wilson,301
Bella Thorne,302
Ben Barnes,303
Ben Bledsoe,304
Ben Burtt,305
Ben Cox,306
Ben DeTour,307
Ben Diskin,308
Ben Easter,309
Ben Fankhauser,310
Ben Feldman,311
Ben Foster,312
Ben Giroux,313
Ben Higgins,314
Ben Kingsley,315
Ben Mendelsohn,316
Ben Savage,317
Ben Schwartz,318
Ben Stiller,319
Ben Valic,320
Ben Wang,321
Ben Whishaw,322
Ben Wright,323
Benedick Blythe,324
Benedict Cumberbatch,325
Benedict Wong,326
Benj Thall,327
Benjamin Bratt,328
Benjamin Evan Ainsworth,329
Benjamin Gregory,330
Benjamin King,331
Benjamin Royer,332
Benjamin Valic,333
Benson Fong,334
Bernadette Peters,335
Bernadette Sullivan,336
Bernard Fox,337
Bert Morris,338
Bess Armstrong,339
Beth Grant,340
Beth Littleford,341
Bethan Wright,342
Betsy Randle,343
Bette Davis,344
Bette Midler,345
Betty Gerson,346
Betty White,347
Beverley Mitchell,348
Beverly Washburn,349
Beyonc Knowles-Carter,350
Biana Tamimi,351
Bianca Collins,352
Bill Anders,353
Bill Barretta,354
Bill Bixby,355
Bill Clinton,356
Bill Cobbs,357
Bill Cosby,358
Bill Fagerbakke,359
Bill Farmer,360
Bill Graves,361
Bill Hader,362
Bill Murray,363
Bill Nighy,364
Bill Nunn,365
Bill Paxton,366
Bill Pullman,367
Bill Ratner,368
Bill Scott,369
Bill Shirley,370
Bill Thompson,371
Billie Eilish,372
Billy,373
Billy Attmore,374
Billy Bletcher,375
Billy Brown,376
Billy Campbell,377
Billy Connolly,378
Billy Crystal,379
Billy Cyrus,380
Billy Eichner,381
Billy Gilbert,382
Billy Joel,383
Billy Lloyd,384
Billy Mummy,385
Billy Unger,386
Billy Williams,387
Bing Crosby,388
Bjrn Lgreid,389
Bjrn Sundquist,390
Blair Underwood,391
Blake Michael,392
Blayne Weaver,393
Blossom Dearie,394
Bob Balaban,395
Bob Ballard,396
Bob Bancroft,397
Bob Bergen,398
Bob Dorough,399
Bob Hoskins,400
Bob Iger,401
Bob Joles,402
Bob Newhart,403
Bob Peterson,404
Bob Poole,405
Bob Scott,406
Bob Woodruff,407
Bobby Bones,408
Bobby Cannavale,409
Bobby Coleman,410
Bobby Driscoll,411
Bobby Lockwood,412
Bobby Moynihan,413
Bobby Rubio,414
Bobcat Goldthwait,415
Bonnie Hunt,416
Bono,417
Booboo Stewart,418
Boone Smith,419
Brad Bird,420
Brad Elliot,421
Brad Garrett,422
Brad Renfro,423
Brad Swaile,424
Brad Vinikow,425
Bradley Cooper,426
Bradley Perry,427
Bradley Whitford,428
Brady Barr,429
Brady Bluhm,430
Brain Cade,431
Brandon Baker,432
Brandon Jay Mclaren,433
Brandon Mychal Smith,434
Brandon Olds,435
Brandon Rossel,436
Brandon Severs,437
Brandon Smith,438
Brandon T. Jackson,439
Brandon de Wilde,440
Brandy Norwood,441
Bray Poor,442
Breckin Meyer,443
Brenda Grate,444
Brenda Song,445
Brenda Strong,446
Brendan Fraser,447
Brendan Hill,448
Brendan Meyer,449
Brendon Baerg,450
Brenna D'Amico,451
Brent Stait,452
Brenton Schraff,453
Brenton Thwaites,454
Breon Gorman,455
Bret Iwan,456
Bret Parker,457
Brett Johnson,458
Brett Kelly,459
Brian Bedford,460
Brian Blessed,461
Brian Bonsall,462
Brian Cox,463
Brian Cummings,464
Brian Dennehy,465
Brian Dobson,466
Brian Drummond,467
Brian Green,468
Brian Haley,469
Brian Keith,470
Brian Kerwin,471
Brian Murray,472
Brian Peck,473
Brian Skerry,474
Brian Stark,475
Brian Stepanek,476
Brian Wimmer,477
Brian Yang,478
Briana Liu,479
Bridgit Mendler,480
Brie Larson,481
Brighton Hertford,482
Britt Robertson,483
Brittany Snow,484
Brock Pierce,485
Bronte Carmichael,486
Brooklynn Prince,487
Brooks Wheelan,488
Bruce Boxleitner,489
Bruce Campbell,490
Bruce Forsyth,491
Bruce Glover,492
Bruce Greenwood,493
Bruce Miller,494
Bruce Newbold,495
Bruce Spence,496
Bruce Willis,497
Bruni Lbel,498
Bruno Campos,499
Bryan Cranston,500
Bryan Scott,501
Bryce Gheisar,502
Bryce Howard,503
Bryce Papenbrook,504
Bud Luckey,505
Buddy Ebsen,506
Buddy Hackett,507
Buddy Pepper,508
Bug Hall,509
Bumper Robinson,510
Buzz Aldrin,511
C.D. Barnes,512
C.T. Taylor,513
"C1-10P a.k.a. ""Chopper""",514
"C1-10P a.k.a. ""Chopper"" ",515
CJ Adams,516
Cade Sutton,517
Caitlin Wachs,518
Calam Lynch,519
Caleb Cabrera,520
Callan Farris,521
Callan Potter,522
Callum Blue,523
Callum O'Neill,524
Calum Worthy,525
Calvin Levels,526
Cam Clarke,527
Cameron Boyce,528
Cameron Goodman,529
Cameron Richardson,530
Camilla Belle,531
Camille Guaty,532
Candy Candido,533
Cara DeLizia,534
Carel Struycken,535
Carissa Capobianco,536
Carl Betz,537
Carl Lumbly,538
Carl Reiner,539
Carl Weathers,540
Carla Gugino,541
Carla Jeffery,542
Carlease Burke,543
Carlisle Tupper,544
Carlon Jeffery,545
Carlos Alazraqui,546
Carlos Rivera,547
Carlos Saldanha,548
Carmen Electra,549
Carmen Molina,550
Carol Burnett,551
Carolina Domenech,552
Carolina Kopelioff,553
Caroline Goodall,554
Caroline Rhea,555
Carolyn Hennesy,556
Carra Patterson,557
Carrie Fisher,558
Carrie Keranen,559
Carter Jenkins,560
Cary Elwes,561
Cary-Hiroyuki Tagawa,562
Casey Affleck,563
Casey Anderson,564
Cash Herrera,565
Cassie Scerbo,566
Cate Bauer,567
Cate Blanchett,568
Catherine Disher,569
Catherine Keener,570
Catherine O'Hara,571
Catherine Wayne,572
Ccile de France,573
Cece Cortes,574
Cedric Joe,575
Cedric Smith,576
Cedric the Entertainer,577
Celeste Holm,578
Celine Cousteau,579
Cesar Millan,580
Cesar Romero,581
Chad Murray,582
Chadwick Boseman,583
Cham Giobbi,584
Chandler Kinney,585
Chanelle Peloso,586
Chang Liu,587
Channing Tatum,588
Charles C. Stevenson Jr.,589
Charles Durning,590
Charles Fleischer,591
Charles Grodin,592
Charles Jimmie Sr.,593
Charles Judels,594
Charles Kimbrough,595
Charles Pellegrino,596
Charles Rocket,597
Charles Shaughnessy,598
Charles Smith,599
Charlie Adler,600
Charlie Bushnell,601
Charlie Day,602
Charlie Engelman,603
Charlie Finn,604
Charlie Rowe,605
Charlie Ruggles,606
Charlie Schlatter,607
Charlie Sheen,608
Charlie Tahan,609
Charlie Wright,610
Charlize Theron,611
Charlotte Rae,612
Charmaine Craig,613
Chauncey Leopardi,614
Chazz Palminteri,615
Cheech Marin,616
Chelsea Kane,617
Chelsea Noble,618
Chelsea Staub,619
Cheryl Ladd,620
Chevy Chase,621
Chez Starbuck,622
Chi McBride,623
Chiara Zanni,624
Chief George,625
China McClain,626
Ching Yin Ryan Hu,627
Chip Hailstone,628
Chiwetel Ejiofor,629
Chloe Bennet,630
Chloe Coleman,631
Chloe x Halle,632
Chopper Bernet,633
Chow Yun-Fat,634
Chris Boyes,635
Chris Browning,636
Chris Buck,637
Chris Cassidy,638
Chris Cooper,639
Chris Diamantopoulos,640
Chris Edgerly,641
Chris Evans,642
Chris Hebert,643
Chris Hemsworth,644
Chris Houghton,645
Chris Hunter,646
Chris Kirby,647
Chris Massaro,648
Chris McLinden,649
Chris O'Donnell,650
Chris Olivero,651
Chris Packham,652
Chris Parnell,653
Chris Payne Gilbert,654
Chris Phillips,655
Chris Pine,656
Chris Potter,657
Chris Pratt,658
Chris Robinson,659
Chris Sanders,660
Chris Sarandon,661
Chris Wiggins,662
Chris Williams,663
Chris Zylka,664
Chrissie Fit,665
Christian Bale,666
Christian Campbell,667
Christian J. Simon,668
Christian Jacobs,669
Christian Juttner,670
Christian Paul,671
Christian Rub,672
Christian Serratos,673
Christian Simon,674
Christian Slater,675
Christiano Delgado,676
Christina Aguilera,677
Christina Applegate,678
Christina Hendricks,679
Christina Milian,680
Christina Pickles,681
Christina Ricci,682
Christina Vidal,683
Christine Austin,684
Christine Cavanaugh,685
Christine Ebersole,686
Christine Healy,687
Christopher Barnes,688
Christopher Cazenove,689
Christopher Daniel Barnes,690
Christopher Guest,691
Christopher Heyerdahl,692
Christopher Jackson,693
Christopher Jacot,694
Christopher Judge,695
Christopher Lee,696
Christopher Lloyd,697
Christopher Maleki,698
Christopher McDonald,699
Christopher Plummer,700
Christopher Sanders,701
Christopher Sean,702
Christopher Walken,703
Christy Romano,704
Chuck Connors,705
Chuck McCann,706
CiCi Hedgepeth,707
Ciara ,708
Ciara Wilson,709
Ciarn Hinds,710
Cicely Tyson,711
Cici Lau,712
Cindy Cassell,713
Cindy Morgan,714
Claire Forlani,715
Claire Rankin,716
Clancy Brown,717
Clara Alonso,718
Clara Bryant,719
Clarence Nash,720
Clark Gregg,721
Claudia Christian,722
Claudia Karvan,723
Clea Lewis,724
Clem Bevans,725
Cliff De Young,726
Cliff Edwards,727
Cliff Robertson,728
Clifton Davis,729
Clifton James,730
Cloris Leachman,731
Cobie Smulders,732
Coco Christo,733
Coco Jones,734
Cody Veith,735
Cole Caplan,736
Cole Evan Weiss,737
Cole Howard,738
Cole Jensen,739
Cole Sand,740
Cole Sprouse,741
Colin Campbell,742
Colin Farrell,743
Colin Firth,744
Colin Ford,745
Colin Fox,746
Colin H. Murphy,747
Colin Hanks,748
Colin ODonoghue,749
Colin Solman,750
Collin Mothupi,751
Connie Ray,752
Connie Shulman,753
Connor Fielding,754
Connor Funk,755
Connor Price,756
Conrad Coates,757
Constance Shulman,758
Cooper Roth,759
Corbin Bleu,760
Corey Burton,761
Corey Feldman,762
Corey Johnson,763
Corey Stoll,764
Corin Nemec,765
Corinne Bohrer,766
Corinne Foxx,767
Courtland Mead,768
Courtnee Draper,769
Courtney Vance,770
Craig Anton,771
Craig Ferguson,772
Craig Kirkwood,773
Craig Nelson,774
Craig Robinson,775
Craig Sechler,776
Craig T. Nelson,777
Craig Whitney,778
Cree Summer,779
Cree Summer Francks,780
Cristela Alonzo,781
"Cristina 'Vee"" Valenzuela",782
Cristina Vee,783
Cristine Rose,784
Cuba Gooding Jr.,785
Cullen McCarthy,786
Curly Leach,787
Curtis Armstrong,788
Cy Peck Jr.,789
Cyndi Lauper,790
Cynthia Nixon,791
D.B. Sweeney,792
Daichi Harashima,793
Daisy Lightfoot,794
Daisy Ridley,795
Dakota Fanning,796
Dakota Lotus,797
Dallas Roberts,798
Damon Wayans Jr.,799
Dan Castellaneta,800
Dan Fogler,801
Dan Fredenburgh,802
Dan Hedaya,803
Dan Hennessey,804
Dan Lett,805
Dan Nachtrab,806
Dan Povenmire,807
Dan Shor,808
Dan Stevens,809
Dana Heath,810
Dana Hill,811
Dana Ivey,812
Dana Snyder,813
Danai Gurira,814
Dane Cook,815
Dane Davis,816
Daniel Bacon,817
Daniel Brhl,818
Daniel Craig,819
Daniel Dae Kim,820
Daniel Fathers,821
Daniel Frishman,822
Daniel Gerroll,823
Daniel Hansen,824
Daniel Henney,825
Daniel Kaluuya,826
Daniel Kash,827
Daniel Kountz,828
Daniel Lanigan,829
Daniel Roebuck,830
Daniel Ross,831
Daniel Stern,832
Daniela Blanco,833
Danielle Campbell,834
Danielle Fishel,835
Danielle Judovits,836
Danielle Panabaker,837
Danni Wang,838
Danny Cooksey,839
Danny DeVito,840
Danny Elfman,841
Danny Glover,842
Danny Huston,843
Danny Lockin,844
Danny Mann,845
Danny Nucci,846
Danny Pino,847
Danny Pudi,848
Danny Woodburn,849
Dante Basco,850
Dara McGarry,851
Dara Rene,852
Dara Renee,853
Daran Norris,854
Darby Stanchfield,855
Darren Criss,856
Darrin Rose,857
Daryl Hannah,858
Daryl Mitchell,859
Dash McCloud,860
Dave Bautista,861
Dave Coulier,862
Dave Filoni,863
Dave Foley,864
Dave Goelz,865
Dave Hoffman,866
Dave Matthews,867
Dave Mccormack,868
Dave Pino,869
Dave Poche,870
Dave Thomas,871
Dave Ward,872
Dave Wittenberg,873
Daveed Diggs,874
Daveigh Chase,875
David Arquette,876
David Attenborough,877
David Cowgill,878
David Cross,879
David Dastmalchian,880
David DeLuise,881
David Faustino,882
David Gallagher,883
David Gwillim,884
David Harbour,885
David Hartman,886
David Henrie,887
David Huddleston,888
David Kaufman,889
David Kaye,890
David Krumholtz,891
David Lambert,892
David Lodge,893
David McCallum,894
David Moscow,895
David Niven,896
David Ogden Stiers,897
David Oyelowo,898
David Pierce,899
David Prowse,900
David Reivers,901
David Rudman,902
David Sazant,903
David Selby,904
David Sobolov,905
David Spade,906
David Squibb,907
David Stiers,908
David Stollery,909
David Tennant,910
David Tomlinson,911
David Warner,912
David Wartnaby,913
David Wayne,914
Davis Cleveland,915
Dawn Olivera,916
Dawnn Lewis,917
De'Vaughn Nixon,918
DeJean Brown,919
DeVore Ledridge,920
Dean Chaumoo,921
Dean Jones,922
Deanna Oliver,923
Debbie Reynolds,924
Debby Ryan,925
Debi Derryberry,926
Debra Monk,927
Debra Mooney,928
Debra Rupp,929
Dee Baker,930
Dee Bradley Baker,931
Deems Taylor,932
Delroy Lindo,933
Demi Lovato,934
Demi Moore,935
Denis Leary,936
Denis O'Dea,937
Denis O'Hare,938
Denise Gough,939
Dennis Compayre,940
Dennis Day,941
Dennis Dugan,942
Dennis Quaid,943
Dennis Underwood,944
Denver Pyle,945
Denzel Washington,946
Denzel Whitaker,947
Dereck Joubert,948
Derek Hough,949
Derek Luke,950
Derek Richardson,951
Deric McCabe,952
Desmond Gerber,953
Dessie Miller,954
Dev Patel,955
Devan Leos,956
Deven Mack,957
Devin E. Haqq,958
Devin Ratray,959
Devon Bostick,960
Devon Graye,961
Diamond White,962
Diana Chesney,963
Diane Baker,964
Diane Kruger,965
Diane Lane,966
Diane Michelle,967
Dianne Wiest,968
Dick O'Neill,969
Dick Tufeld,970
Dick Van Dyke,971
Dick Van Patten,972
Dickie Jones,973
Dickon Tolson,974
Diedrich Bader,975
Diego Luna,976
Diego Ramos,977
Dinah Shore,978
Djimon Hounsou,979
Doc Shaw,980
Dody Goodman,981
Dom Joly,982
Domee Shi,983
Dominic Cooper,984
Dominic Frisby,985
Dominic Scott Kay,986
Dominic West,987
Dominique Louis,988
Don Adams,989
Don Cheadle,990
Don Francks,991
Don Fullilove,992
Don Hahn,993
Don Halbert,994
Don Knotts,995
Don Lake,996
Don Murray,997
Don Novello,998
Don Rickles,999
Donal Gibson,1000
Donald Crisp,1001
Donald Faison,1002
Donald Glover,1003
Donald Houston,1004
Donald Pleasence,1005
Donald Sinden,1006
Donna Murphy,1007
Donna Pescow,1008
Donnie Yen,1009
Donny Osmond,1010
Dora Luz,1011
Dorothy Compton,1012
Dorothy McGuire,1013
Dorothy Provine,1014
Doug Brochu,1015
Doug Chamberlain,1016
Doug Doug,1017
Doug Preis,1018
Douglas Seale,1019
Dougray Scott,1020
Dove Cameron,1021
Dr Myiesha Taylor,1022
Dr. Albert Len,1023
Dr. Albert Yu-Min Lin,1024
Dr. Allan Maca,1025
Dr. Anatoly Sagalevitch,1026
Dr. Anthony Fauci,1027
Dr. Arthur Lane,1028
Dr. Ben Schroeder,1029
Dr. Brian Beale,1030
Dr. E.C. Slipher,1031
Dr. Elachi,1032
Dr. Erin Schroeder,1033
Dr. Ernst Stuhlinger,1034
Dr. Heinz Haber,1035
Dr. Jim Childress,1036
Dr. Lauren Smith,1037
Dr. Lauren Thielen,1038
Dr. Michelle Oakley,1039
Dr. Pamela Conrad,1040
Dr. Pol,1041
Dr. Ray Ball,1042
Dr. Steve Boyes,1043
Dr. Susan Kelleher,1044
Dr. Sylvia Earle,1045
Dr. Wernher von Braun,1046
Drake Bell,1047
Drew Barrymore,1048
Dul Hill,1049
Duncan Macrae,1050
Dusan Brown,1051
Dustin Rubin,1052
Dwayne Hickman,1053
Dwayne Johnson,1054
Dwier Brown,1055
Dylan Kussman,1056
Dylan Minnette,1057
Dylan Schombing,1058
Dylan Snyder,1059
Dylan Sprouse,1060
Dylan Walsh,1061
Dylan Walters,1062
E.G. Daily,1063
E.J. Peaker,1064
E.W. Firestone,1065
Earl Holliman,1066
Eartha Kitt,1067
Ebbe Smith,1068
Ed Asner,1069
Ed Gilbert,1070
Ed Harris,1071
Ed Helms,1072
Ed O'Neill,1073
Ed Oxenbould,1074
Ed Skrein,1075
Ed Speleers,1076
Ed Wynn,1077
Edan Gross,1078
Eddie Albert,1079
Eddie Bracken,1080
Eddie Braun,1081
Eddie Cahill,1082
Eddie Holden,1083
Eddie Izzard,1084
Eddie Murphy,1085
Eddy Carroll,1086
Eden Espinosa,1087
Eden Sher,1088
Edgar Bergen,1089
Edgar Ramirez,1090
Edie McClurg,1091
Edna Best,1092
Edward Asner,1093
Edward Herrmann,1094
Edward Hibbert,1095
Edward Marcoux,1096
Edward Norton,1097
Elaine Hendrix,1098
Elden Ratliff,1099
Eleanor Audley,1100
Elena Roger,1101
Eli Fucile,1102
Eli Linnetz,1103
Eli Marienthal,1104
Eli Wallach,1105
Elias Koteas,1106
Elie Samouhi,1107
Elijah Kelley,1108
Elijah Wood,1109
Elisabeth Fraser,1110
Elisabeth Shue,1111
Elissa Knight,1112
Eliud Kipchoge,1113
Eliza Dushku,1114
Elizabeth Banks,1115
Elizabeth Harnois,1116
Elizabeth Hurley,1117
Elizabeth Mitchell,1118
Elizabeth Morehead,1119
Elizabeth Olsen,1120
Elizabeth Smith,1121
Ella Al-Shamahi,1122
Ella Kenion,1123
Elle Fanning,1124
Elle Graham,1125
Ellen DeGeneres,1126
Ellen Woglom,1127
Ellie Kemper,1128
Elliott Reid,1129
Elodie Yung,1130
Eloise Mumford,1131
Elsa Lanchester,1132
Elsa Wagner,1133
Elyssa Davalos,1134
Eme Ikwuakor,1135
Emilia Clarke,1136
Emilia McCarthy,1137
Emilia Mernes,1138
Emilio Borelli,1139
Emilio Estevez,1140
Emilio Fuentes,1141
Emily Beecham,1142
Emily Blunt,1143
Emily Davis,1144
Emily Hahn,1145
Emily Mortimer,1146
Emily Osment,1147
Emily Roeske,1148
Emily VanCamp,1149
Emma Berman,1150
Emma Meisel,1151
Emma Rigby,1152
Emma Stone,1153
Emma Thompson,1154
Emma Watson,1155
Emmanuelle Chriqui,1156
Emmy DeOliveira,1157
Emmy Rossum,1158
Enver Gjokaj,1159
Eren Ozker,1160
Eric Anderson,1161
Eric Bauza,1162
Eric Blore,1163
Eric Hodges,1164
Eric Hodges II,1165
Eric Idle,1166
Eric Jacobson,1167
Eric Kramer,1168
Eric Lloyd,1169
Eric Loomis,1170
Eric Meyers,1171
Eric Schweig,1172
Eric Shea,1173
Eric Walker,1174
Erica Huang,1175
Erica Milsom,1176
Erica Parks,1177
Erik Knudsen,1178
Erik Langley,1179
Erik von Detten,1180
Erika Christensen,1181
Erin Chambers,1182
Erin Karpluk,1183
Ernest Borgnine,1184
Ernie Hudson,1185
Ernie Sabella,1186
Eshaya Draper,1187
Essence Atkins,1188
Essra Mohawk,1189
Este Haim,1190
Estelle Harris,1191
Estelle Winwood,1192
Esther Tebandeke,1193
Ethan Hawke,1194
Ethan Suplee,1195
Ethan Wacker,1196
Eugene Levy,1197
Eugenio Derbez,1198
Eva Gabor,1199
Eva Green,1200
Eva Longoria,1201
Eva Saint,1202
Eva von Hanno,1203
Evadne Baker,1204
Evan Arnold,1205
Evan Jones,1206
Evan Lai,1207
Evan Rachel Wood,1208
Evan Wood,1209
Evangeline Lilly,1210
Eve Arden,1211
Eve Gordon,1212
Evelyn Venable,1213
Everett McGill,1214
Ewan Bremner,1215
Ewan McGregor,1216
F.T. Anderson,1217
FINNEAS,1218
Fairuza Balk,1219
Faith Ford,1220
Fall Out Boy,1221
Famke Janssen,1222
Farrah Fawcett,1223
Fazeelat Aslam,1224
Felicity Jones,1225
Fern Deacon,1226
Fess Parker,1227
Field Cate,1228
Fin Argus,1229
Finlay Currie,1230
Finn Wittrock,1231
Finney Cassidy,1232
Finola Hughes,1233
Fiona Bishop,1234
Fiona Reid,1235
Fiona Shaw,1236
Fionnula Flanagan,1237
Flix Rodrigues,1238
Florence Gill,1239
Florence Pugh,1240
Fra Fee,1241
Fran Drescher,1242
Frances Gifford,1243
Frances McDormand,1244
Francesca Capaldi,1245
Francia Raisa,1246
Francis Capra,1247
Frank Grillo,1248
Frank Inn,1249
Frank Langella,1250
Frank Oz,1251
Frank Pino,1252
Frank Renzulli,1253
Frank Thomas,1254
Frank Welker,1255
Frankie Muniz,1256
Frankie Rodriguez,1257
Frankie Ryan Manriquez,1258
Fred Dalton Thompson,1259
Fred Haise,1260
Fred MacMurray,1261
Fred Newman,1262
Fred Shields,1263
Fred Tatasciore,1264
Fred Ward,1265
Fred Waring and His Pennsylvanians ,1266
Fred Willard,1267
Fred Worlock,1268
Freddie Bartholomew,1269
Freddie Jones,1270
Freddie Prinze Jr.,1271
Freddy Martin,1272
Frederick Coffin,1273
Fredrik Hiebert,1274
French Stewart,1275
Fritz Eckhardt,1276
Fuschia!,1277
G Hannelius,1278
G. Hannelius,1279
G.W. Bailey,1280
Gabriel Byrne,1281
Gabriel Damon,1282
Gabriel Sunday,1283
Gabriela Lopez,1284
Gabriella Graves,1285
Gabrielle Anwar,1286
Gael Bernal,1287
Gael Garca Bernal,1288
Gal Gadot,1289
Garrett Clayton,1290
Garrett Hedlund,1291
Garry Chalk,1292
Garry Marshall,1293
Gary Anthony Williams,1294
Gary Basaraba,1295
Gary Busey,1296
Gary Cole,1297
Gary Crosby,1298
Gary Grimes,1299
Gary Muehlberger,1300
Gary Oldman,1301
Gary Reineke,1302
Gary Riley,1303
Gavin Stenhouse,1304
Gay Seabrook,1305
Gemma Arterton,1306
Gemma Chan,1307
Gene Nelson,1308
Gene Sheldon,1309
Genesis Rodriguez,1310
Genie Francis,1311
Geno Segers,1312
Genya Chernaiev,1313
Geoffrey Blake,1314
Geoffrey Keen,1315
Geoffrey Lewis,1316
Geoffrey Rush,1317
George Barrows,1318
George Buza,1319
George Carlin,1320
George Clooney,1321
George DiCenzo,1322
George Dzundza,1323
George Gerdes,1324
George Harrison,1325
George Lewis,1326
George Lopez,1327
George Newbern,1328
George Sear,1329
George W. Bush,1330
George Wendt,1331
George Woodard,1332
Georgeos Diaz-Montexano,1333
Georgia Lock,1334
Georgie Farmer,1335
Georgie Henley,1336
Georgie Kidder,1337
Gerald Mohr,1338
Geraldine Page,1339
Gerard Plunkett,1340
Gerard Rudolf,1341
Gerry Conway,1342
Gia Lopez,1343
Gia R,1344
Giancarlo Esposito,1345
Gilbert Gottfried,1346
Gilberto Ortiz,1347
Giles Panton,1348
Gillian Jacobs,1349
Gina Carano,1350
Ginnifer Goodwin,1351
Ginny Tyler,1352
Gino Conforti,1353
Giovanni Ribisi,1354
Giulia Guerrini,1355
Gladys Cooper,1356
Glen Keane,1357
Glenn Close,1358
Glenn Shadix,1359
Glenndon Chatman,1360
Glenne Headly,1361
Gloria Grahame,1362
Glynis Johns,1363
Glynn Lunney,1364
Gobonamang Kgetho,1365
Godfrey Cambridge,1366
Golshifteh Farahani,1367
Gong Li,1368
Gordon Clapp,1369
Gordon Jackson,1370
Gordon Jump,1371
Gordon MacRae,1372
Gordon Ramsay,1373
Grace Phipps,1374
Grace Song,1375
Grace VanderWaal,1376
Graciela Gomez,1377
Grady Tate,1378
Graham Greene,1379
Graham Phillips,1380
Graham Verchere,1381
Grant Bardsley,1382
Granville Van Dusen,1383
Grard Depardieu,1384
Greer Garson,1385
Greg Baldwin,1386
Greg Cipes,1387
Greg Cruttwell,1388
Greg Kinnear,1389
Greg Worswick,1390
Gregg Berger,1391
Gregg Sulkin,1392
Grey DeLisle,1393
Grey Griffin,1394
Guido Messina,1395
Guido Quaroni,1396
Gus Kamp,1397
Gustavo Dudamel,1398
Guy Boyd,1399
Guy Pearce,1400
Guy Williams,1401
Gwyneth Paltrow,1402
Hadley Miller,1403
Hailee Steinfeld,1404
Hal Holbrook,1405
Hal Rees,1406
Hal Smith,1407
Hal Sparks,1408
Haley Osment,1409
Halle Bailey,1410
Halle Berry,1411
Hallee Hirsh,1412
Hallie Todd,1413
Hamish McEwan,1414
Hank Azaria,1415
Hank Chen,1416
Hannah John-Kamen,1417
Hans Conried,1418
Hans Holt,1419
Harland Williams,1420
Harold Gould,1421
Harriet Owen,1422
Harris Dickinson,1423
Harrison Chad,1424
Harrison Fahn,1425
Harrison Ford,1426
Harry Guardino,1427
Harry Jarvis,1428
Harry Morgan,1429
Harry Shearer,1430
Harry Stanton,1431
Harry Stockwell,1432
Harry Waters Jr.,1433
Harsha Paladugu,1434
Harvey Fierstein,1435
Harvey Guilln,1436
Harvey Keitel,1437
Haviland Morris,1438
Hayden Christensen,1439
Hayden Panettiere,1440
Hayden Rolence,1441
Hayley Atwell,1442
Hayley Kiyoko,1443
Hayley Mills,1444
Hazen Audel,1445
Heath Ledger,1446
Heather Angel,1447
Heather Matarazzo,1448
Hector Elizondo,1449
Heidi Kling,1450
Heinz Schubert,1451
Helen Hayes,1452
Helen Mirren,1453
Helen Sadler,1454
Helena Carter,1455
Henry Calvin,1456
Henry Gibson,1457
Henry Goodman,1458
Henry Onyango,1459
Henry Winkler,1460
Herbert Lom,1461
Hermione Baddeley,1462
Hilary Duff,1463
Hilda Doherty,1464
Hiro Kanagawa,1465
Holliday Grainger,1466
Holly Fulger,1467
Holly Hunter,1468
Howard Ashman,1469
Howard Hesseman,1470
Howard Morris,1471
Howard Witt,1472
Howie Mandel,1473
Hsiao-Ling Tang,1474
Huckleberry Milner,1475
Hugh Dancy,1476
Hugh Jackman,1477
Hugh Laurie,1478
Hugo Weaving,1479
Hunter Sansone,1480
Huntz Hall,1481
Hutch Dano,1482
Hynden Walch,1483
Iain Glen,1484
Ian Corlett,1485
Ian Gomez,1486
Ian Hanlin,1487
Ian Holm,1488
Ian Kesler,1489
Ian McDiarmid,1490
Ian McKellen,1491
Ian McNeice,1492
Ian McShane,1493
Ian Richardson,1494
Ice Cube,1495
Idina Menzel,1496
Idris Elba,1497
Ike Eisenmann,1498
Ilene Woods,1499
Imani Prior,1500
Imelda Staunton,1501
Ingrid Visser,1502
Ioan Gruffudd,1503
Iona Morris,1504
Irene Bedard,1505
Irene Papas,1506
Iris Starlett Perry,1507
Irvin Ashkenazy,1508
Isaac Brown,1509
Isaac Ryan Brown,1510
Isaak Presley,1511
Isabela Souza,1512
Isabella Blake-Thomas,1513
Isabella Crovetti,1514
Isabelle Cornish,1515
Isiah Whitlock Jr.,1516
Isla Fisher,1517
Issac Brown,1518
Issac Ryan Brown,1519
Itzhak Perlman,1520
Ivo Zell,1521
Ivy Bishop,1522
Izaac Wang,1523
Izabela Rose,1524
J. Pat O'Malley,1525
J. Zimmerman,1526
J.K. Simmons,1527
JC Currais,1528
JK Simmons,1529
Jack Albertson,1530
Jack Antonoff,1531
Jack Baker,1532
Jack Black,1533
Jack Boulter,1534
Jack Carson,1535
Jack Clemons,1536
Jack Conley,1537
Jack Costello,1538
Jack Davenport,1539
Jack Dylan Grazer,1540
Jack Elam,1541
Jack Gore,1542
Jack McBrayer,1543
Jack McGraw,1544
Jack Plotnick,1545
Jack Randall,1546
Jack Sheldon,1547
Jack Soo,1548
Jack Whitehall,1549
Jackie Burroughs,1550
Jackie Chan,1551
Jackson Dollinger,1552
Jacob Bertrand,1553
Jacob Mazeral,1554
Jacob Smith,1555
Jacob Tremblay,1556
Jacob Ursomarzo,1557
Jacqueline Obradors,1558
Jacqueline Wood,1559
Jacques Marin,1560
Jacques Yves Cousteau,1561
Jade Alleyne,1562
Jade Ewen,1563
Jaden Betts,1564
Jahbril Cook,1565
Jaime Camil,1566
Jakari Fraser,1567
Jake Austin,1568
Jake Cherry,1569
Jake Epstein,1570
Jake Green,1571
Jake Gyllenhaal,1572
Jake Lloyd,1573
Jake McDorman,1574
Jake Paul,1575
Jake Richardson,1576
Jake Robards,1577
Jake Sakson,1578
Jake Short,1579
Jake T. Austin,1580
Jake Thomas,1581
James Acheson,1582
James Adomian,1583
James Arnold Taylor,1584
James Avery,1585
James Badge Dale,1586
James Belushi,1587
James Blendick,1588
James Brinkley,1589
James Cameron,1590
James Coburn,1591
James Corden,1592
James Cromwell,1593
James D'Arcy,1594
James Donald,1595
James Earl Jones,1596
James Garner,1597
James Gregory,1598
James Hayter,1599
James Jones,1600
James Justice,1601
James Kot,1602
James Lafferty,1603
James Lipton,1604
James MacArthur,1605
James MacDonald,1606
James Marsden,1607
James Mason,1608
James McAvoy,1609
James McGregor,1610
James Murray,1611
James Naughton,1612
James Rebhorn,1613
James Remar,1614
James Taylor,1615
James Van Der Beek,1616
James Warwick,1617
James Willson,1618
James Woods,1619
Jamie Chung,1620
Jamie Curtis,1621
Jamie Foxx,1622
Jamie Kennedy,1623
Jamie Lee Curtis,1624
Jan Boss,1625
Jan Felt,1626
Jan Rabson,1627
Jan Rube,1628
Jan Rubes,1629
Jane Curtin,1630
Jane Goodall,1631
Jane Horrocks,1632
Jane Lynch,1633
Jane Wyman,1634
Janeane Garofalo,1635
Janelle LaSalle,1636
Janelle Mone,1637
Janet Munro,1638
January Jones,1639
Jaquelynn Herrera,1640
Jared Gilmore,1641
Jared Harris,1642
Jared Kusnitz,1643
Jared Padalecki,1644
Jared Rushton,1645
Jase Blankfort,1646
Jasmin Brown,1647
Jasmine Jones,1648
Jason Alexander,1649
Jason Bateman,1650
Jason Davis,1651
Jason Dohring,1652
Jason Dolley,1653
Jason Drucker,1654
Jason Earles,1655
Jason Hadzikostas,1656
Jason Hildebrandt,1657
Jason Hillhouse,1658
Jason Lee,1659
Jason Marsden,1660
Jason Maybaum,1661
Jason Morgan,1662
Jason Raize,1663
Jason Robards,1664
Jason Rogel,1665
Jason Schombing,1666
Jason Schwartzman,1667
Jason Segel,1668
Jason Silva,1669
Jason Topolski,1670
Jason Weaver,1671
Javier Bardem,1672
Jay Barbree,1673
Jay Baruchel,1674
Jay Hernandez,1675
Jay Leno,1676
Jay Mohr,1677
Jay Reeves,1678
Jay Sanders,1679
Jay Thomas,1680
Jayden Fowora-Knight,1681
Jayden Revri,1682
Jayne Atkinson,1683
Jayne Eastwood,1684
Jean Hagen,1685
Jean Kelly,1686
Jean Marsh,1687
Jean Michel Cousteau,1688
Jean Smart,1689
Jeanette Nolan,1690
Jeanie Roberts,1691
Jeanne Mori,1692
Jeannie Elias,1693
Jeff Bennett,1694
Jeff Bridges,1695
Jeff Daniels,1696
Jeff Foxworthy,1697
Jeff Garlin,1698
Jeff Goldblum,1699
Jeff McNeil,1700
Jeff Pidgeon,1701
Jeff York,1702
Jefferson Mappin,1703
Jeffrey Bowyer-Chapman,1704
Jeffrey Katzenberg,1705
Jeffrey Nordling,1706
Jeffrey Tambor,1707
Jeffrey Wright,1708
Jemaine Clement,1709
Jenna Ortega,1710
Jenna Qureshi,1711
Jennie Garland,1712
Jennifer Cody,1713
Jennifer Coolidge,1714
Jennifer Daley,1715
Jennifer Elise Cox,1716
Jennifer Garner,1717
Jennifer Hale,1718
Jennifer Hewitt,1719
Jennifer Lawrence,1720
Jennifer Lee,1721
Jennifer Lopez,1722
Jennifer Love Hewitt,1723
Jennifer Morrison,1724
Jennifer Robertson,1725
Jennifer Saunders,1726
Jennifer Stone,1727
Jennifer Tilly,1728
Jenny Agutter,1729
Jenny Jules,1730
Jenny Slate,1731
Jeremiah Sullivan,1732
Jeremy Irons,1733
Jeremy Jordan,1734
Jeremy Renner,1735
Jeremy Shinder,1736
Jeremy Sisto,1737
Jeremy Suarez,1738
Jeremy Wade,1739
Jerome Ranft,1740
Jerry Colonna,1741
Jerry Dexter,1742
Jerry Nelson,1743
Jerry Orbach,1744
Jerry Stiller,1745
Jess Harnell,1746
Jessalyn Gilsig,1747
Jesse Bostick,1748
Jesse Corti,1749
Jesse Eisenberg,1750
Jesse Ferguson,1751
Jesse Inocalla,1752
Jesse McCartney,1753
Jesse Plemons,1754
Jesse Schwartz,1755
Jesse White,1756
Jessica Alba,1757
Jessica Biel,1758
Jessica DiCicco,1759
Jessica Steen,1760
Jessie Flower,1761
Jesus Ochoa,1762
Jet Jurgensmeyer,1763
Jet Li,1764
Jhoanna Flores,1765
Jill Schackner,1766
Jillian Bell,1767
Jillian Reed,1768
Jillian Shea Spaeder,1769
Jim Belushi,1770
Jim Broadbent,1771
Jim Byrnes,1772
Jim Capobianco,1773
Jim Carrey,1774
Jim Cummings,1775
Jim Dale,1776
Jim Gaffigan,1777
Jim Hanks,1778
Jim Henshaw,1779
Jim Henson,1780
Jim Metzler,1781
Jim Parsons,1782
Jim Varney,1783
Jimmie Allen,1784
Jimmy Bennett,1785
Jimmy Kimmel,1786
Jimmy MacDonald,1787
Jimmy O'Dea,1788
Jimmy Smits,1789
Jo Hartley,1790
Jo Payton,1791
Jo Worley,1792
JoBeth Williams,1793
JoMarie Payton,1794
Joan Ark,1795
Joan Cusack,1796
Joan Greenwood,1797
Joan Hackett,1798
Joan Rice,1799
Joanna Cassidy,1800
Joanna Lumley,1801
Joaquin Garay,1802
Joaquin Garay  III,1803
Joaquin Phoenix,1804
Joby Baker,1805
Jodi Benson,1806
Jodi Russell,1807
Jodie Foster,1808
Joe Camp,1809
Joe Flynn,1810
Joe Higgins,1811
Joe Jonas,1812
Joe Mantegna,1813
Joe Pantoliano,1814
Joe Pesci,1815
Joe Regalbuto,1816
Joel Edgerton,1817
Joel Fry,1818
Joel Murray,1819
Joel Sartore,1820
Joel Trussell,1821
Joely Fisher,1822
Joey Bragg,1823
Joey Cramer,1824
Joey Lawrence,1825
Joey Miyashima,1826
Joey Pollari,1827
Joey Wilcots,1828
Joey Zimmerman,1829
John Ashton,1830
John Barrowman,1831
John Batchelor,1832
John Boyega,1833
John Byner,1834
John C. Reilly,1835
John Candy,1836
John Canemaker,1837
John Cleese,1838
John Costelloe,1839
John Culhane,1840
John Cusack,1841
John Cygan,1842
John DeLuca,1843
John Dehner,1844
John DiMaggio,1845
John Drainie,1846
John Ducey,1847
John Ericson,1848
John Farley,1849
John Fiedler,1850
John Ford,1851
John Goodman,1852
John Heard,1853
John Higgins,1854
John Jones,1855
John Kahrs,1856
John Kani,1857
John Kapelos,1858
John Kassir,1859
John Kerry,1860
John Krasinski,1861
John Lasseter,1862
John Le Mesurier,1863
John Leguizamo,1864
John Lennon,1865
John Lithgow,1866
John Lovelady,1867
John Mahoney,1868
John Malkovich,1869
John McIntire,1870
John McLeish,1871
John Musker,1872
John Novak,1873
John Ortiz,1874
John Ployardt,1875
John Ratzenberger,1876
John Reilly,1877
John Rhys-Davies,1878
John Robert Hoffman,1879
John Salley,1880
John Shea,1881
John Smith,1882
John Stamos,1883
John Terry,1884
John Travolta,1885
John Turturro,1886
John Vernon,1887
John Yacobellis,1888
John de Lancie,1889
Johnny Depp,1890
Johnny Doran,1891
Johnny Pacar,1892
Johnny Pemberton,1893
Johnny Rodriguez,1894
Johnny Whitaker,1895
Jon Brazier,1896
Jon Favreau,1897
Jon Heder,1898
Jon Huertas,1899
Jon Lindstrom,1900
Jon Lovitz,1901
Jon Voight,1902
Jonah Bobo,1903
Jonathan Adams,1904
Jonathan Frakes,1905
Jonathan Freeman,1906
Jonathan Groff,1907
Jonathan Heit,1908
Jonathan Jackson,1909
Jonathan Keltz,1910
Jonathan McDaniel,1911
Jonathan Moore,1912
Jonathan Pryce,1913
Jonathan Rhys-Meyers,1914
Jonathan Taylor Thomas,1915
Jonathan Thomas,1916
Jordan Davis,1917
Jordan Fisher,1918
Jordan Fry,1919
Jordan Hinson,1920
Jordan Loughran,1921
Jordan Nagai,1922
Jordan Nichols,1923
Jordan Peele,1924
Jordana Largy,1925
Jorge Blanco,1926
Jos Jimnez Zapiola,1927
Jose Oliveira,1928
Jose Yazpik,1929
Josef Sommer,1930
Joseph Bottoms,1931
Joseph Gordon-Levitt,1932
Joseph Zimmerman,1933
Josh Bernstein,1934
Josh Brener,1935
Josh Cooley,1936
Josh Dallas,1937
Josh Flitter,1938
Josh Gad,1939
Josh Goodman,1940
Josh Green,1941
Josh Lucas,1942
Josh Peck,1943
Josh Zuckerman,1944
Joshua Bassett,1945
Joshua Jackson,1946
Joshua Keaton,1947
Joshua Rudoy,1948
Joshua Rush,1949
Josie Loren,1950
Joss Ackland,1951
Juan Chioran,1952
Juan Monsalvez,1953
Judge Reinhold,1954
Judi Dench,1955
Judith Hoag,1956
Judith Moreland,1957
Judy Kuhn,1958
Julia Lester,1959
Julia Louis-Dreyfus,1960
Julia Stiles,1961
Julian Barratt,1962
Julian McMahon,1963
Julianna Margulies,1964
Julianne Nicholson,1965
Julie Andrews,1966
Julie Benz,1967
Julie Bowen,1968
Julie Brown,1969
Julie Hagerty,1970
Julie Kavner,1971
Julie Sommars,1972
Julie Walters,1973
Juliette Binoche,1974
Julio Pea,1975
June Foray,1976
June Squibb,1977
Junius Matthews,1978
Juno Temple,1979
Justin Bartha,1980
Justin Chon,1981
Justin Felbinger,1982
Justin Long,1983
Justin Roiland,1984
Justin Ross,1985
Justin Theroux,1986
Justin Vernon,1987
Justin Whalin,1988
Justine Huxley,1989
KASHIYUKA ,1990
Ka Vundla,1991
Kadeem Hardison,1992
Kaitlin Olson,1993
Kaitlyn Dias,1994
Kaitlyn Robrock,1995
Kal Penn,1996
Kaley Cuoco,1997
Kali Rocha,1998
Kalo Moss,1999
Kamil McFadden,2000
Kamran Lucas,2001
Kara Crane,2002
Kara Lindsay,2003
Karan Brar,2004
Karen Dotrice,2005
Karen Duffy,2006
Karen Landry,2007
Karen White,2008
Kari Wahlgren,2009
Kari Wuhrer,2010
Karl Malden,2011
Karl Swenson,2012
Karl Urban,2013
Karol Sevilla,2014
Kashfia Rahman,2015
Kat Dennings,2016
Kate Micucci,2017
Kate Mulvany,2018
Kate Winslet,2019
Katey Sagal,2020
Kath Soucie,2021
Katherine Helmond,2022
Katherine McNamara,2023
Kathleen Barr,2024
Kathleen Marshall,2025
Kathleen Nolan,2026
Kathleen Turner,2027
Kathleen Wilhoite,2028
Kathleen York,2029
Kathreen Khavari,2030
Kathryn Beaumont,2031
Kathryn Erbe,2032
Kathryn Hahn,2033
Kathy Bates,2034
Kathy Najimy,2035
Katie Couric,2036
Katie Volding,2037
Kay Panabaker,2038
Kaya Scodelario,2039
Kaycie Chase,2040
Kayla Maisonet,2041
Kaylin Hayman,2042
Kaylin Price,2043
Ke Qi,2044
Keala Settle,2045
Keanu Pires,2046
Keegan-Michael Key,2047
Keenan Wynn,2048
Keene Curtis,2049
Keira Knightley,2050
Keith Allen,2051
Keith Coogan,2052
Keith David,2053
Keith Ferguson,2054
Keith Silverstein,2055
Kelli Berglund,2056
Kelli Garner,2057
Kellie Martin,2058
Kelly Blatz,2059
Kelly Frye,2060
Kelly Lynch,2061
Kelly Macdonald,2062
Kelly Marie Tran,2063
Kelly Metzger,2064
Kelly Miller,2065
Kelly Preston,2066
Kelly Thordsen,2067
Kelsey Chow,2068
Kelsey Grammer,2069
Kelsey Mann,2070
Kelsy Chow,2071
Ken Berry,2072
Ken Leung,2073
Ken Mars,2074
Ken Sansom,2075
Ken Sansome,2076
Ken Swofford,2077
Ken Tobey,2078
Kenan Thompson,2079
Kendall Cross,2080
Kennedi Clements,2081
Kenneth Mars,2082
Kenneth More,2083
Kenneth Tobey,2084
Kenneth Welsh,2085
Kenny Ortega,2086
Kenton Duty,2087
Keone Young,2088
Keri Russell,2089
Kerri Medders,2090
Kerris Dorsey,2091
Kerry Laifatt,2092
Kerry Shale,2093
Kerry Washington,2094
Keston John,2095
Kevin Bishop,2096
Kevin Cahoon,2097
Kevin Carlson,2098
Kevin Chamberlin,2099
Kevin Chevalia,2100
Kevin Connolly,2101
Kevin Conway,2102
Kevin Corcoran,2103
Kevin Costner,2104
Kevin Duhaney,2105
Kevin Durand,2106
Kevin Farley,2107
Kevin Feige,2108
Kevin Jonas,2109
Kevin Kilner,2110
Kevin Kline,2111
Kevin McDonald,2112
Kevin McKidd,2113
Kevin McNally,2114
Kevin Michael	Richardson,2115
Kevin Michael Richardson,2116
Kevin Pollak,2117
Kevin R. McNally,2118
Kevin Richardson,2119
Kevin Spacey,2120
Kevsho,2121
Keyla Monterroso Mejia,2122
Khary Payton,2123
Khleo Thomas,2124
Khrystyne Haje,2125
Kiana Madeira,2126
Kiara Muhammad,2127
Kiefer Sutherland,2128
Kiely Williams,2129
Kieron Moore,2130
Kiersey Clemons,2131
Kim Cattrall,2132
Kim Donovan,2133
Kim Greist,2134
Kim Rhodes,2135
Kim Richards,2136
Kimberly Brooks,2137
Kimberly Brown,2138
Kimberly Williams-Paisley,2139
Kina Scollay,2140
Kingsley Ben-Adir,2141
Kingston Foster,2142
Kirby Engelman,2143
Kirby Howell-Baptiste,2144
Kirby Morrow,2145
Kirk Acevedo,2146
Kirk Baily,2147
Kirk Cameron,2148
Kirk Douglas,2149
Kirsten Dunst,2150
Kirsten Robek,2151
Kirsten Storms,2152
Kitana Turnbull,2153
Kittie,2154
Klaus Brandauer,2155
Koyu Rankin,2156
Krissy Perez,2157
Krista Sheffler,2158
Kristen Bell,2159
Kristen Bone,2160
Kristen Schaal,2161
Kristen Wilson,2162
Kristin Chenoweth,2163
Kristin Scott Thomas,2164
Kristine Sutherland,2165
Kristy Swanson,2166
Kristy Wu,2167
Kuana Kahele,2168
Kunal Sharma,2169
Kunewa Mook,2170
Kurt Russell,2171
Kyla Pratt,2172
Kyle Bornheimer,2173
Kyle Breitkopf,2174
Kyle Gallner,2175
Kyle Howard,2176
Kyle Massey,2177
Kyle McDaniel,2178
Kyle Schmid,2179
Kylee Russell,2180
Kylie Cantrall,2181
Kylie Leydon,2182
Kyliegh Curran,2183
Kyra Sedgwick,2184
Lainie Kazan,2185
Laivan Greene,2186
Lalaine ,2187
Lana Parrilla,2188
Lana Wood,2189
Lance Guest,2190
Lance Henriksen,2191
Lance Lewman,2192
Lancelot Perrin,2193
Landon Gordon,2194
Landry Bender,2195
Lane Smith,2196
Lara Flynn Boyle,2197
Lara Gilchrist,2198
Lara Jill Miller,2199
Lara Miller,2200
Larisa Oleynik,2201
Larry Brandenburg,2202
Larry Gilman,2203
Larry Miller,2204
Larry Saperstein,2205
Larry the Cable Guy,2206
Larry the Cable Guy ,2207
Lashana Lynch,2208
Laura Benanti,2209
Laura Dern,2210
Laura Marano,2211
Laura Miyata,2212
Laura Shields,2213
Laura Vandervoort,2214
Lauren Bushnell,2215
Lauren Graham,2216
Lauren Maltby,2217
Lauren Mote,2218
Lauren Sinclair,2219
Lauren Taylor,2220
Lauren Tom,2221
Laurence Fishburne,2222
Laurence Naismith,2223
Laya DeLeon Hayes,2224
Leah Lail,2225
Leah Pipes,2226
Leann Hunley,2227
Lee Garlington,2228
Lee Montgomery,2229
Lee Norris,2230
Lee Pace,2231
Lee Young,2232
Leela Ladnier,2233
Leigh-Allyn Baker,2234
Lelisa Desisa,2235
Len Carlson,2236
Lenore Zann,2237
Leo Carroll,2238
Leo Howard,2239
Leo McKern,2240
Leon ,2241
Leon Ames,2242
Leonard Frey,2243
Leonardo DiCaprio,2244
Leone Ledoux,2245
Leopold Stokowski,2246
Les Stroud,2247
Lesleh Donaldson,2248
Lesley Warren,2249
Leslie Baker,2250
Leslie Bibb,2251
Leslie Mann,2252
Leslie Nielsen,2253
Leslie Norris,2254
Leslie Odom Jr.,2255
Leslie Seiler,2256
Lester Speight,2257
Levi Miller,2258
Lew Ayres,2259
Lewis Black,2260
Lexi Underwood,2261
Li Feng,2262
Liam Hemsworth,2263
Liam Neeson,2264
Liam O'Brien,2265
Liam Teeling,2266
Liberty Williams,2267
Liev Schreiber,2268
Lil Rel Howery,2269
Lilan Bowden,2270
Lili Simmons,2271
Liliana Mumy,2272
Lillian Hurst,2273
Lily Sanfelippo,2274
Lily Tomlin,2275
Lin-Manuel Miranda,2276
Linda Evans,2277
Linda Gray,2278
Linda Hunt,2279
Linda Kash,2280
Linda Larkin,2281
Lindsay Lohan,2282
Lindsey Haun,2283
Lindsey Shaw,2284
Lino DiSalvo,2285
Lisa Jakub,2286
Lisa Sullivan,2287
Lisa Walter,2288
Lise Simms,2289
Liz Callaway,2290
Liz Georges,2291
Lloyd Bridges,2292
Lloyd Sherr,2293
Lochlyn Munro,2294
Lock Peyron,2295
Logan Lerman,2296
Lolita Davidovich,2297
Lord Tim Hudson,2298
Loretta Devine,2299
Lori Alan,2300
Lori Alter,2301
Lori Richardson,2302
Lou Fant,2303
Lou Ferrigno,2304
Lou Hirsch,2305
Lou Krugman,2306
Lou Romano,2307
Louis Ashbourne Serkis,2308
Louis Gonzales,2309
Louisa Haigh,2310
Louise Latham,2311
Luana Patten,2312
Lucas Grabeel,2313
Lucas Neff,2314
Lucila Gandolfo,2315
Lucille LaVerne,2316
Lucy Deakins,2317
Lucy Hale,2318
Lucy Liu,2319
Luis Van Rooten,2320
Luke Benward,2321
Luke Edwards,2322
Luke Evans,2323
Luke Newton,2324
Luke Perry,2325
Luna Watson,2326
Lupita Nyong'o,2327
Lynda Ballantyne,2328
Lynda Carter,2329
Lyndsy Fonseca,2330
Lynn Ahrens,2331
Lynn Chen,2332
Lynn Collins,2333
Lyrica Okano,2334
M.C. Gainey,2335
Macaulay Culkin,2336
Mach Kobayashi,2337
Macintalk ,2338
Mack Woodruff,2339
Mackenzie Astin,2340
Mackenzie Foy,2341
Mackenzie Gray,2342
Mackenzie Phillips,2343
Madeleine McGraw,2344
Madina Nalwanga,2345
Madison Bandy,2346
Madison Hu,2347
Madison Iseman,2348
Madison Pettis,2349
Mads Mikkelsen,2350
Mae Tui,2351
Mae Whitman,2352
Maeve Andrews,2353
Maggie Castle,2354
Maggie Smith,2355
Maia Brewton,2356
Maia Mitchell,2357
Maite Jauregui,2358
Mako ,2359
Malachi Barton,2360
Malcolm McDowell,2361
Maleah Padilla,2362
Malik Yoba,2363
Mallory Kasdan,2364
Mallory Mahoney,2365
Mandy Moore,2366
Mandy Patinkin,2367
Manolo Cardona,2368
Manu Tupou,2369
Mapuana Makia,2370
Marcelite Garner,2371
Marcellite Garner,2372
Marcia Harden,2373
Marcia Strassman,2374
Marco Barricelli,2375
Marcus Scribner,2376
Marcus Toji,2377
Margaret Colin,2378
Margaret O'Brien,2379
Margo Martindale,2380
Maria Bello,2381
Maria Canals-Barrera,2382
Marianne McAndrew,2383
Marie Johnston,2384
Mariel Sheets,2385
Mariella Frostrup,2386
Marieve Herington,2387
Marion Finlayson,2388
Marita Geraghty,2389
Mark Allen Stewart,2390
Mark Bazeley,2391
Mark Curry,2392
Mark Downey,2393
Mark Gatiss,2394
Mark Halliley,2395
Mark Hamill,2396
Mark Keller,2397
Mark Lawrence,2398
Mark Mitchell,2399
Mark Monroe,2400
Mark Moseley,2401
Mark Rendall,2402
Mark Ruffalo,2403
Mark Strong,2404
Mark Taylor,2405
Mark Wahlberg,2406
Mark Walton,2407
Mark-Paul Gosselaar,2408
Marne Patterson,2409
Marsha Thomason,2410
Marshall Manesh,2411
Marta Kessler,2412
Martha Higareda,2413
Martha Wentworth,2414
Martin Freeman,2415
Martin Kabanza,2416
Martin Landau,2417
Martin Lawrence,2418
Martin Mull,2419
Martin Roach,2420
Martin Short,2421
Martina Stoessel,2422
Martita Hunt,2423
Marty York,2424
Marwan Kenzari,2425
Mary Costa,2426
Mary Elizabeth Winstead,2427
Mary Gibbs,2428
Mary Keller,2429
Mary Long,2430
Mary Miller,2431
Mary Mobley,2432
Mary Moder,2433
Mary Mouser,2434
Mary Steenburgen,2435
Mary Wickes,2436
Mary-Margaret Humes,2437
Mason Cook,2438
Mason Cotton,2439
Mat Lucas,2440
Mateo Arias,2441
Matilda Lawler,2442
Matt Adler,2443
Matt Beisner,2444
Matt Clark,2445
Matt Cornett,2446
Matt Damon,2447
Matt Danner,2448
Matt Frewer,2449
Matt Gerald,2450
Matt Jones,2451
Matt Keeslar,2452
Matt Lanter,2453
Matt Lucas,2454
Matt McFetridge,2455
Matt Prokop,2456
Matt Shively,2457
Matt Sloan,2458
Matt Tebbutt,2459
Matt Vogel,2460
Matthew Broderick,2461
Matthew Gczy,2462
Matthew Glave,2463
Matthew Gray Gubler,2464
Matthew Josten,2465
Matthew Lawrence,2466
Matthew Macfadyen,2467
Matthew Martin,2468
Matthew O'Leary,2469
Matthew Royer,2470
Matthew Sato,2471
Matthew Timmons,2472
Matthew Wood,2473
Maulik Pancholy,2474
Maureen O'Hara,2475
Maurice Godin,2476
Maury Sterling,2477
Max Casella,2478
Max Charles,2479
Max Gecowets,2480
Max Greenfield,2481
Max Kennedy,2482
Max Lloyd-Jones,2483
Max Mittelman,2484
Max Perlich,2485
Max Thieriot,2486
Max Torina,2487
Max van Ville,2488
Maximilian Schell,2489
Maximiliano Hernandez,2490
Maximus Riegel,2491
Maxwell Donovan,2492
Maxwell Simkins,2493
Maya Bednarek,2494
Maya Rudolph,2495
Mayf Nutter,2496
McLean Stevenson,2497
Mckenna Grace,2498
Meaghan Martin,2499
Meera Kumbhani,2500
Meg Donnelly,2501
Meg Ryan,2502
Megan Cavanagh,2503
Megan Dodds,2504
Megan Duffy,2505
Megan Fox,2506
Megan Hilty,2507
Meghan,2508
Meghan Black,2509
Meghan Leon,2510
Meghan Strange,2511
Mekai Curtis,2512
Mel Brooks,2513
Mel Gibson,2514
Mel Rodriguez,2515
Mela Lee,2516
Melanie Brook,2517
Melanie Harrison,2518
Melanie Lynskey,2519
Melanie Minichino,2520
Melanie Paxson,2521
Melanie Zanetti,2522
Melba Martinez ph.D,2523
Melinda Mendolusky,2524
Melody Choi,2525
Melora Hardin,2526
Mena Massoud,2527
Meng'er Zhang,2528
Mercedes Colon,2529
Mercedes Lambre,2530
Meredith Anne Bull,2531
Meredith Salenger,2532
Merle Dandridge,2533
Meryl Streep,2534
Mia Farrow,2535
Mia Jenness,2536
Mia Sinclair Jenness,2537
Mia Talerico,2538
Mia Wasikowska,2539
Michael Aguero,2540
Michael Angarano,2541
Michael Ansara,2542
Michael B. Jordan,2543
Michael Beach,2544
Michael Bishop,2545
Michael Boatman,2546
Michael Bubl,2547
Michael Caine,2548
Michael Cheng,2549
Michael Chiklis,2550
Michael Crawford,2551
Michael Daingerfield,2552
Michael Daley,2553
Michael Davis,2554
Michael Donovan,2555
Michael Evans,2556
Michael Fassbender,2557
Michael Fox,2558
Michael Gambon,2559
Michael Gough,2560
Michael Greyeyes,2561
Michael Hagerty,2562
Michael Ironside,2563
Michael Izqueirdo,2564
Michael Jeter,2565
Michael Jordan,2566
Michael Kagan,2567
Michael Keaton,2568
Michael McElhatton,2569
Michael McGreevey,2570
Michael McGreevy,2571
Michael McKean,2572
Michael McShane,2573
Michael Pagan,2574
Michael Pea,2575
Michael Rennie,2576
Michael Rispoli,2577
Michael Ronda,2578
Michael Schoeffling,2579
Michael Sheen,2580
Michael Shulman,2581
Michael Socha,2582
Michael Steger,2583
Michael Stuhlbarg,2584
Michael Sundin,2585
Michael Teigen,2586
Michael Trevino,2587
Michael Tucker,2588
Michael Wallis,2589
Michael Weaver,2590
Michael Weiss,2591
Michael-Leon Wooley,2592
Michaela Dietz,2593
Michele Hall,2594
Michele Lee,2595
Michele Placido,2596
Michelle Rodriguez,2597
Michelle Trachtenberg,2598
Michelle Williams,2599
Michelle Yeoh,2600
Mick Wingert,2601
Mickey Mouse,2602
Mickey Rooney,2603
Mickey Shaughnessy,2604
Micole Mercurio,2605
Miguel Ferrer,2606
Miguel Sandoval,2607
Mika Kubo,2608
Mike Burns,2609
Mike Dopud,2610
Mike Francis,2611
Mike Manning,2612
Mike Millan,2613
Mike New,2614
Mike Rowe,2615
Mike Secher,2616
Mike Vitar,2617
Mikey Kelley,2618
Mikey Kelly,2619
Mila Crespo,2620
Miley Cyrus,2621
Milo Manheim,2622
Mimi Kennedy,2623
Mimi Paley,2624
Mindy Kaling,2625
Mindy Sterling,2626
Ming-Na Wen,2627
Minnie Driver,2628
Mireya Mayor,2629
Miriam Lucia,2630
Miriam Margolyes,2631
Mischa Barton,2632
Mitchel Musso,2633
Mitchell Hope,2634
Mitchell Whitfield,2635
Mo Gallini,2636
Mocean Melvin,2637
Moira Kelly,2638
Moises Arias,2639
Molly Hagan,2640
Molly Quinn,2641
Monica Bellucci,2642
Monica Evans,2643
Monique Coleman,2644
Monte Markham,2645
Montse Hernandez,2646
Moon Bloodgood,2647
Morgan Saylor,2648
Moroni Olsen,2649
Morris Chestnut,2650
Mutang Urud,2651
Myles Jeffrey,2652
Mystic Inscho,2653
NOCCHi,2654
Nahanni Mitchell,2655
Nancy Cartwright,2656
Nancy Francis,2657
Nancy Olson,2658
Nancy Travis,2659
Naomi Scott,2660
Naomi Sequeira,2661
Naomi Watts,2662
Napoleon Highbrou,2663
Napua Greig,2664
Nasim Pedrad,2665
Nat Wolff,2666
Natalia Jimnez,2667
Natalia Wojcik,2668
Natalie Lander,2669
Natalie Peyser,2670
Natalie Portman,2671
Natasha Richardson,2672
Nate Corddry,2673
Nate Parker,2674
Nate Torrence,2675
Nathan Fillion,2676
Nathan Lane,2677
Nathan Lovejoy,2678
Nathan Nolan,2679
Nathan Stephenson,2680
Nathaniel Lee,2681
Nathaniel Lee Jr.,2682
Nathaniel McIntyre,2683
Nathaniel Parker,2684
Nathaniel Potvin,2685
Naveen Andrews,2686
Navia Robinson,2687
Navid Negahban,2688
Ne-Yo,2689
Neal McDonough,2690
Ned Romero,2691
Neil Armstrong,2692
Neil Hammerschlag,2693
Neil Harris,2694
Neil Tyson,2695
Neil deGrasse Tyson,2696
Nell Verlaque,2697
Nelsan Ellis,2698
Nestor Serrano,2699
Neve Campbell,2700
Neville Brand,2701
Niall MacGinnis,2702
Nicholas Braun,2703
Nicholas Eng,2704
Nicholas Holmes,2705
Nicholas Hoult,2706
Nick Bird,2707
Nick Chinlund,2708
Nick Jonas,2709
Nick Nolte,2710
Nick Robinson,2711
Nick Roux,2712
Nick Searcy,2713
Nick Spano,2714
Nick Stahl,2715
Nicky Jones,2716
Nico Parker,2717
Nicol Williamson,2718
Nicolas Bechtel,2719
Nicolas Cage,2720
Nicolas Cantu,2721
Nicole Anderson,2722
Nicole Dicker,2723
Nicole Perlman,2724
Nicole Scherzinger,2725
Nicols Garnier,2726
Nigel Barber,2727
Nigel Hamer,2728
Nigel Hawthorne,2729
Nigel Marven,2730
Nika Futterman,2731
Niki Botelho,2732
Nikita Hopkins,2733
Nikki Hahn,2734
Nile Diaz,2735
Niles Fitch,2736
Noah Centineo,2737
Noah Emmerich,2738
Noah Hathaway,2739
Noah Johnston,2740
Noah Schnapp,2741
Noel Fisher,2742
Noelle Parker,2743
Noelle Zuber,2744
Nora Dunn,2745
Nora Zehetner,2746
O-T Fagbenle,2747
Oakes Fegley,2748
Oana Gregory,2749
Obba Babatunde,2750
Octavia Spencer,2751
Odette Annable,2752
Odette Yustman,2753
Olan Soul,2754
Olek Krupa,2755
Oliver Davies,2756
Oliver Platt,2757
Olivia Burnette,2758
Olivia Deeble,2759
Olivia Holt,2760
Olivia Munn,2761
Olivia Rodrigo,2762
Olivia Sanabia,2763
Olivia Stuck,2764
Olivia Sullivent,2765
Olivia d'Abo,2766
Ollie Johnston,2767
Omar Miller,2768
Omid Abtahi,2769
Omri Katz,2770
Oona Laurence,2771
Ophelia Lovibond,2772
Oprah Winfrey,2773
Orlando Bloom,2774
Orlando Brown,2775
Orlando Philharmonic Orchestra,2776
Oscar Isaac,2777
Ossie Davis,2778
Otmara Marrero,2779
Owen Asztalos,2780
Owen Fielding,2781
Owen Wilson,2782
Pablo Espinosa,2783
Paddi Edwards,2784
Paget Brewster,2785
Paige O'Hara,2786
Paloma Baeza,2787
Pam Segall,2788
Pamela Adlon,2789
Pamela Hayden,2790
Pamela Segall,2791
Paolo Montalbn,2792
Paris Berelc,2793
Parley Baer,2794
Parminder Nagra,2795
Pat Boone,2796
Pat Buttram,2797
Pat Carroll,2798
Pat Delany,2799
Pat Finn,2800
Pat Hingle,2801
Pat Hogan,2802
Pat Kelly,2803
Pat O'Malley,2804
Patricia Arquette,2805
Patricia Barry,2806
Patricia Clarkson,2807
Patricia Crowley,2808
Patricia Parris,2809
Patrick Adams,2810
Patrick Dempsey,2811
Patrick Elyas,2812
Patrick Fabian,2813
Patrick Fugit,2814
Patrick Godfrey,2815
Patrick Johnson Jr.,2816
Patrick Levis,2817
Patrick Malahide,2818
Patrick Osborne,2819
Patrick Rahill,2820
Patrick Renna,2821
Patrick Richwood,2822
Patrick Stewart,2823
Patrick Swayze,2824
Patrick Warburton,2825
Patrick Wayne,2826
Patrika Darbo,2827
Patton Oswalt,2828
Patty Paris,2829
Paul Bandey,2830
Paul Bettany,2831
Paul Chato,2832
Paul Collins,2833
Paul Dobson,2834
Paul Dooley,2835
Paul Essiembre,2836
Paul F. Tompkins,2837
Paul Feig,2838
Paul Frees,2839
Paul Giamatti,2840
Paul Kandel,2841
Paul Kiernan,2842
Paul Lukas,2843
Paul McCartney,2844
Paul McGann,2845
Paul Newman,2846
Paul Rae,2847
Paul Reubens,2848
Paul Rudd,2849
Paul Stassino,2850
Paul Terry,2851
Paul Tiesler,2852
Paul Walker,2853
Paul Walter Hauser,2854
Paul Winchell,2855
Paula Jai Parker,2856
Paula Parker,2857
Pauline Lomas,2858
Paxton Booth,2859
Pearce Joza,2860
Pearl Bailey,2861
Pedro Pascal,2862
Peggy Wood,2863
Penelope Miller,2864
Penlope Cruz,2865
Penn Teller,2866
Penny Johnson,2867
Peri Gilpin,2868
Pernilla August,2869
Pete Docter,2870
Pete Postlethwaite,2871
Peter Boyle,2872
Peter Cullen,2873
Peter Cushing,2874
Peter Demeo,2875
Peter Dinklage,2876
Peter Ehrlich,2877
Peter Feeney,2878
Peter Finch,2879
Peter Firth,2880
Peter Gadiot,2881
Peter Gallagher,2882
Peter Gunn,2883
Peter James,2884
Peter Jessop,2885
Peter Keleghan,2886
Peter Linz,2887
Peter Lorre,2888
Peter MacNeil,2889
Peter Mayhew,2890
Peter O'Toole,2891
Peter Ronson,2892
Peter Sohn,2893
Peter Staley,2894
Peter Ustinov,2895
Peter Venn,2896
Peter Vincenti,2897
Peter Weck,2898
Peyton Clark,2899
Peyton Elizabeth Lee,2900
Peyton Lee,2901
Peyton List,2902
Peyton Meyer,2903
Phil Fondacaro,2904
Phil Harris,2905
Phil Hartman,2906
Phil Keoghan,2907
Phil LaMarr,2908
Phil Morris,2909
Phil Sheridan,2910
Phil Silvers,2911
Phil Wright,2912
Philip Granger,2913
Philip Williams,2914
Phill Lewis,2915
Phillip Rhys,2916
Phillip Van Dyke,2917
Phillip Wright,2918
Phillipa Soo,2919
Phoebe Waller-Bridge,2920
Phylicia Rashad,2921
Phyllis Diller,2922
Phyllis Smith,2923
Pierce Brosnan,2924
Pinto Colvig,2925
Piper Curda,2926
Piper Laurie,2927
Piper Perabo,2928
Pixie Davies,2929
Polly Holliday,2930
Pom Klementieff,2931
Poppi Monroe,2932
Porscha Coleman,2933
Portia Nelson,2934
Preston Oliver,2935
Priya Singh,2936
Priyanka Chopra,2937
Qi Sun,2938
Queen Latifah,2939
Quincy Dunn-Baker,2940
Quincy Jones,2941
Quinton Flynn,2942
R.G. Armstrong,2943
R.H. Thomson,2944
R2-D2,2945
Rachael Harris,2946
Rachel Brosnahan,2947
Rachel Crow,2948
Rachel Griffiths,2949
Rachel Harris,2950
Rachel Hayward,2951
Rachel House,2952
Rachel McAdams,2953
Rachel Weisz,2954
Rachelle Carson,2955
Rad Daly,2956
Rade erbedija,2957
Raffey Cassidy,2958
Raini Rodriguez,2959
Ralph Wright,2960
Ramn Rodrguez,2961
Ramon Reed,2962
Ramone Hamilton,2963
Randall Park,2964
Randy Savage,2965
Raphael Alejandro,2966
Raquel Lee,2967
Rashida Jones,2968
Raven ,2969
Raven-Symon,2970
Raven-Symon ,2971
Rawle Lewis,2972
Ray Bolger,2973
Ray Liotta,2974
Ray Milland,2975
Ray Robertson,2976
Ray Romano,2977
Ray Teal,2978
Ray Winstone,2979
Ray Wise,2980
Raymond Albert Romano,2981
Raymond Barry,2982
Raymond Cham,2983
Raymond Persi,2984
Reba McEntire,2985
Rebecca De Mornay,2986
Rebecca Ferguson,2987
Rebecca Hall,2988
Rebecca Metz,2989
Rebecca Shoichet,2990
Red Steagall,2991
Reece Holland,2992
Reese Witherspoon,2993
Regan Burns,2994
Regina King,2995
Reiley McClendon,2996
Ren Auberjonois,2997
Rene Auberjonois,2998
Rene Goldsberry,2999
Rene Russo,3000
Rene Victor,3001
Renee Goldsberry,3002
Resse Alexander,3003
Rex Allen,3004
Rhashan Stone,3005
Rhenzy Feliz,3006
Rhoda Williams,3007
Rhys Ifans,3008
Rhys Williams,3009
Rich Collins,3010
Rich Hutchman,3011
Richard Ayoade,3012
Richard Bakalyan,3013
Richard Coyle,3014
Richard Dormer,3015
Richard Dreyfuss,3016
Richard Egan,3017
Richard Farnsworth,3018
Richard Freund,3019
Richard Grant,3020
Richard Griffiths,3021
Richard Haydn,3022
Richard Hunt,3023
Richard Kind,3024
Richard LeParmentier,3025
Richard Libertini,3026
Richard Masur,3027
Richard Mulligan,3028
Richard O'Brien,3029
Richard Paul,3030
Richard Riehle,3031
Richard Robichaux,3032
Richard Romanus,3033
Richard Roundtree,3034
Richard Todd,3035
Richard Williams,3036
Rick Moranis,3037
Rick Robles,3038
Rick Rossovich,3039
Rickey Collins,3040
Rickie Sorensen,3041
Ricky Garcia,3042
Ricky Gervais,3043
Ricky Ullman,3044
Rider Strong,3045
Riki Lindhome,3046
Riley Smith,3047
Ringo Starr,3048
Rino Romano,3049
Rita Wilson,3050
Rob Delaney,3051
Rob Manning,3052
Rob Paulsen,3053
Rob Paulson,3054
Rob Riggle,3055
Robbie Coltrane,3056
Robbie Daymond,3057
Robbie Rist,3058
Robby Benson,3059
Robert Ashby,3060
Robert Benchley,3061
Robert Bockstael,3062
Robert Capron,3063
Robert Carlyle,3064
Robert Carradine,3065
Robert Clotworthy,3066
Robert Conrad,3067
Robert Costanzo,3068
Robert Culp,3069
Robert Curtis Brown,3070
Robert Davi,3071
Robert Donner,3072
Robert Downey Jr.,3073
Robert Englund,3074
Robert Forster,3075
Robert Foxworth,3076
Robert Guillaume,3077
Robert Hays,3078
Robert Ito,3079
Robert Kino,3080
Robert Newton,3081
Robert Oliveri,3082
Robert Pine,3083
Robert Redford,3084
Robert Ri'chard,3085
Robert Rodriguez,3086
Robert Schwartzman,3087
Robert Smith,3088
Robert Townsend,3089
Robert Wilke,3090
Roberts Blossom,3091
Robin Bartlett,3092
Robin Downes,3093
Robin Penn,3094
Robin Riker,3095
Robin Roberts,3096
Robin Thomas,3097
Robin Williams,3098
Robyn Lively,3099
Rod Taylor,3100
Rod Wilson,3101
Rodd Houston,3102
Roddy McDowall,3103
Rodney Bewes,3104
Rodney Saulsberry,3105
Roger Allers,3106
Roger Bart,3107
Roger Brown,3108
Roger Carmel,3109
Roger Kabler,3110
Roger Love,3111
Roger Miller,3112
Roger Mobley,3113
Roger Smith,3114
Ron Clements,3115
Ron Gabriel,3116
Ron Livingston,3117
Ron Moody,3118
Ron Perlman,3119
Ron Rubin,3120
Ronald Binion,3121
Rondell Sheridan,3122
Ronke Adekoluejo,3123
Ronni Hawk,3124
Ronnie Schell,3125
Ronnie Stevens,3126
Rory Thost,3127
Rosario Dawson,3128
Roscoe Browne,3129
Rose Byrne,3130
Rose McIver,3131
Roseanne Barr,3132
Roselyn Sanchez,3133
Rosemarie DeWitt,3134
Roshan Seth,3135
Roshni Edwards,3136
Roshon Fegan,3137
Rosie O'Donnell,3138
Ross Lynch,3139
Ross Malinger,3140
Rowan Blanchard,3141
Roy Billing,3142
Roy Disney,3143
Roy Kinnear,3144
Roy Rogers,3145
Rozita Binti Mohamed Hussain,3146
Ruby O'Neil,3147
Ruby Turner,3148
Ruggero Pasquarelli,3149
Rupert Everett,3150
Russ McCubbin,3151
Russell Boulter,3152
Russell Brand,3153
Russell Means,3154
Russi Taylor,3155
Ruta Lee,3156
Ruth Clifford,3157
Ruth Righi,3158
Ryan Belleville,3159
Ryan Folz,3160
Ryan Hurst,3161
Ryan Kwanten,3162
Ryan Merriman,3163
Ryan Ochoa,3164
Ryan Potter,3165
Ryan Quincy,3166
Ryan Seacrest,3167
Ryan Teeple,3168
Sabrina Bryan,3169
Sabrina Carpenter,3170
Sabrina Weisz,3171
Sabrina Wiener,3172
Sadie Stanley,3173
Sahar Biniaz,3174
Sally Field,3175
Sally Stockwell,3176
Sally Struthers,3177
Salome Jens,3178
Salvatore Vecchio,3179
Sam Carlson,3180
Sam Claflin,3181
Sam Douglas,3182
Sam Elliott,3183
Sam Horrigan,3184
Sam Huntington,3185
Sam Jaffe,3186
Sam Lavagnino,3187
Sam Palladio,3188
Sam Peltz,3189
Sam Riley,3190
Sam Rockwell,3191
Sam Trammell,3192
Sam Vincent,3193
Sam Waterston,3194
Sam Worthington,3195
Samantha Burton,3196
Samantha Morton,3197
Samuel Jackson,3198
Samuel L. Jackson,3199
Samuel West,3200
Samuel Wright,3201
Sandesh Kadur,3202
Sandra Bernhard,3203
Sandra Bullock,3204
Sandra Oh,3205
Sandra Scott,3206
Sandy Duncan,3207
Santino Fontana,3208
Santino Marella,3209
Santosh Pandey,3210
Sara Paxton,3211
Sarah Chalke,3212
Sarah Deakins,3213
Sarah Gilman,3214
Sarah Hyland,3215
Sarah Jaffe,3216
Sarah Jefferey,3217
Sarah Jeffery,3218
Sarah Parker,3219
Sarah Silverman,3220
Sarah Vowell,3221
Sarah-Nicole Robles,3222
Saratoga Ballantine,3223
Sasha Pieterse,3224
Scarlett Estevez,3225
Scarlett Johansson,3226
Scarlett Pomers,3227
Scatman Crothers,3228
Schin Kerr,3229
Scoot McNairy,3230
Scott Adsit,3231
Scott Bairstow,3232
Scott Craig,3233
Scott Durbin,3234
Scott Glenn,3235
Scott Gorman,3236
Scott Lawrence,3237
Scott McNeil,3238
Scott Smith,3239
Scott Terra,3240
Scott Weinger,3241
Scott Wolf,3242
Sean Astin,3243
Sean Bean,3244
Sean Burgos,3245
Sean Connery,3246
Sean Giambrone,3247
Sean Hayes,3248
Sean Marquette,3249
Sean Marshall,3250
Sean McCann,3251
Sean O'Bryan,3252
Sean Scully,3253
Seann William Scott,3254
Sebastian Cabot,3255
Sebastian Stan,3256
Selah Victor,3257
Selena Gomez,3258
Selenis Leyva,3259
Sergio Avelar,3260
Serinda Swan,3261
Seth Carr,3262
Seth Green,3263
Seth Rogen,3264
Seven True-Divine Purnell,3265
Seymour Cassel,3266
Shadia Simmons,3267
Shaggy ,3268
Shailene Woodley,3269
Shamsir Bin Mohd Shahar,3270
Shane Baumel,3271
Shanessa Khawaja,3272
Shanica Knowles,3273
Shaquille O'Neal,3274
Sharlto Copley,3275
Sharon Barr,3276
Shaun Fleming,3277
Shaun Toub,3278
Shaun Weiss,3279
Shawn Ashmore,3280
Shaznay Lewis,3281
Shea Whigham,3282
Shecky Greene,3283
Sheila McCarthy,3284
Shelby Bender,3285
Sheldon Peters Wolfchild,3286
Shelley Duvall,3287
Sherman Hemsley,3288
Sherman Howard,3289
Sheryl Ralph,3290
Shia LaBeouf,3291
Shin Koyamada,3292
Shintaro Tokita,3293
Shirley MacLaine,3294
Siena Agudong,3295
Sienna Guillory,3296
Sierra McCormick,3297
Sigmund Vik,3298
Sigourney Weaver,3299
Simcha Jacobovici,3300
Simon Baker,3301
Simon Callow,3302
Simon Kunz,3303
Simon Pegg,3304
Simu Liu,3305
Sin Phillips,3306
Sinbad,3307
Sinbad ,3308
Sissy Spacek,3309
Skai Jackson,3310
Skandar Keynes,3311
Sky Katz,3312
Skylar Astin,3313
Skyler Stone,3314
Slim Pickens,3315
Sofia Carson,3316
Sofia Rosinsky,3317
Sofia Wylie,3318
Soleil Frye,3319
Sonia Manzano,3320
Sonny Dawson,3321
Sonoko Konishi,3322
Sophia Hammons,3323
Sophia Mitri Schloss,3324
Sophie Lowe,3325
Sophie Pollono,3326
Sophie Simnett,3327
Sophie Turner,3328
Soren Fulton,3329
Spencer Boldman,3330
Spencer Breslin,3331
Spencer Moss,3332
Spencer Redford,3333
Stacey Keach,3334
Stacie Hess,3335
Stacy Keach,3336
Stan Lee,3337
Stefan Frank,3338
Stefanie Powers,3339
Stefanie Scott,3340
Stellan Skarsgrd,3341
Stephanie Szostak,3342
Stephanie dAbruzzo,3343
Stephen Apostolina,3344
Stephen Boss,3345
Stephen Burleigh,3346
Stephen Burns,3347
Stephen Dillane,3348
Stephen Full,3349
Stephen Lang,3350
Stephen Mangan,3351
Stephen Marcus,3352
Stephen Rashbrook,3353
Stephen Schwartz,3354
Stephen Tobolowsky,3355
Sterling Brown,3356
Sterling Holloway,3357
Sterling Knight,3358
Steve Blanchard,3359
Steve Blum,3360
Steve Boyes,3361
Steve Buscemi,3362
Steve Carell,3363
Steve Coogan,3364
Steve Guttenberg,3365
Steve Martin,3366
Steve Purcell,3367
Steve Squyres,3368
Steve Valentine,3369
Steve Whitmire,3370
Steve Wormer,3371
Steve Zahn,3372
Steve Zanolini,3373
Steven Bendik,3374
Steven French,3375
Steven Lawrence,3376
Steven McQueen,3377
Steven Weber,3378
Stian Smestad,3379
Stoney Emshwiller,3380
Storm Reid,3381
Stuart Andrews,3382
Stuart Lee,3383
Stuart Pankin,3384
Stubby Kaye,3385
Sue Aikens,3386
Suilma Rodriguez,3387
Sullivan Jones,3388
Sunny Attar,3389
Susan Chuang,3390
Susan Clark,3391
Susan Egan,3392
Susan Hogan,3393
Susan Ruttan,3394
Susan Sarandon,3395
Susan Sheridan,3396
Susan Tyrrell,3397
Susan Walters,3398
Susanne Blakeslee,3399
Susanne Pollatschek,3400
Susie Essman,3401
Suzana Binti Ahmad,3402
Suzanne Kent,3403
Suzanne Pleshette,3404
Suzi Barrett,3405
Suzie McGrath,3406
Sylvain Caruso,3407
Sylvia Roemer,3408
Syme Jago,3409
T. J. Miller,3410
TKeyah Keymh,3411
Tab Hunter,3412
Tahj Mowry,3413
Taika Waititi,3414
Takuya Ohashi,3415
Talia Shire,3416
Tamara Hope,3417
Tamera Mowry,3418
Tammin Sursok,3419
Tammy Lauren,3420
Tammy Townsend,3421
Tania Gunadi,3422
Tanya Goott,3423
Tara Charendoff,3424
Tara Strong,3425
Taraji Henson,3426
Taraji P. Henson,3427
Taron Egerton,3428
Taryn Kyaze,3429
Tate Donovan,3430
Tati Gabrielle,3431
Taylor Ball,3432
Taylor Gray,3433
Taylor Handley,3434
Taylor Holmes,3435
Taylor Kitsch,3436
Taylor Masamitsu,3437
Taylor Ortega,3438
Taylor Swift,3439
Tcheky Karyo,3440
Teal Redmann,3441
Ted Danson,3442
Ted Levine,3443
Ted Stewart,3444
Ted de Corsia,3445
Teddy Newton,3446
Temuera Morrison,3447
Tenzing Norgay Trainor,3448
Tenzing Trainor,3449
Terence McGovern,3450
Terence Stamp,3451
Teresa Palmer,3452
Teri Hatcher,3453
Terrence Howard,3454
Terri Douglas,3455
Terry Kilburn,3456
Terry McGovern,3457
Terry-Thomas ,3458
Tess Romero,3459
Tessa Swigart,3460
Tessa Thompson,3461
Tessa Vonn,3462
Teyonah Parris,3463
Thaddeus J. Mixson,3464
Thandie Newton,3465
Thayer David,3466
The Andrews Sisters ,3467
The Brothers,3468
Thelma Boardman,3469
Theresa Saldana,3470
Thom Hernandez,3471
Thomas Brodie-Sangster,3472
Thomas Brown,3473
Thomas Church,3474
Thomas Doherty,3475
Thomas Haden Church,3476
Thomas Ian Nicholas,3477
Thomas Kail,3478
Thomas McDonell,3479
Thomas McHugh,3480
Thomas Mitchell,3481
Thomas Nicholas,3482
Thomas Sangster,3483
Thora Birch,3484
Thord Paulsen,3485
Thurl Ravenscroft,3486
Tia Carrere,3487
Tia Mowry,3488
Tiffany Burns,3489
Tiffany Espensen,3490
Tiffany Thornton,3491
Tilda Swinton,3492
Tim Allen,3493
Tim Conrad,3494
Tim Considine,3495
Tim Conway,3496
Tim Curry,3497
Tim Gunn,3498
Tim Heidecker,3499
Tim Holt,3500
Tim Hoskins,3501
Tim Lagasse,3502
Tim Matheson,3503
Tim McGraw,3504
Tim McInnerny,3505
Tim Nelson,3506
Tim Redwine,3507
Tim Reid,3508
Tim Simons,3509
Tim Stack,3510
Timothy Busfield,3511
Timothy Carhart,3512
Timothy Dalton,3513
Timothy Hutton,3514
Timothy Landfield,3515
Timothy Omundson,3516
Timothy Spall,3517
Tina Fey,3518
Tinny ,3519
Tip Harris,3520
Tiya Sircar,3521
Tobie Windham,3522
Toby Kebbell,3523
Toby Moore,3524
Todd Boyce,3525
Todd Haberkorn,3526
Tom Bergeron,3527
Tom Brady,3528
Tom Costello,3529
Tom Guiry,3530
Tom Hanks,3531
Tom Hiddleston,3532
Tom Hodges,3533
Tom Holland,3534
Tom Hulce,3535
Tom Kane,3536
Tom Kenny,3537
Tom McGowan,3538
Tom Scott,3539
Tom Selleck,3540
Tom Taylor,3541
Tom Virtue,3542
Tom Welling,3543
Tom Wilson,3544
Tommy Caldwell,3545
Tommy Davidson,3546
Tommy Jones,3547
Tommy Kirk,3548
Tommy Sands,3549
Tommy Steele,3550
Tommy Tweed,3551
Tone Lc,3552
Tony Anselmo,3553
Tony Cox,3554
Tony Dalton,3555
Tony Fucile,3556
Tony Goldwyn,3557
Tony Hale,3558
Tony James,3559
Tony Jay,3560
Tony Leung,3561
Tony Martin,3562
Tony Mirrcandani,3563
Tony Roberts,3564
Tony Russell,3565
Tony Russo,3566
Tony Shalhoub,3567
Tony Steedman,3568
Tracee Ellis Ross,3569
Tracey Ullman,3570
Tracy Dawson,3571
Tracy Morgan,3572
Travis Davis,3573
Travis Oates,3574
Travis Willingham,3575
Tress MacNeile,3576
Tress MacNeille,3577
Trever O'Brien,3578
Trevor Blumas,3579
Trevor Devall,3580
Trevor Dion Nicholas,3581
Trevor Jackson,3582
Trevor Morgan,3583
Trevor Tordjman,3584
Trigger ,3585
Tristan Rogers,3586
Tristan Wilds,3587
Trond Peter Munch,3588
Troy Baker,3589
Troy Evans,3590
Tsaan Ciqae,3591
Tuc Watkins,3592
Tucker Albrizzi,3593
Tucker Gilmore,3594
Tucker McDougall,3595
Tumeletso Setlabosha,3596
Txunamy Oriz,3597
Ty Burrell,3598
Ty Panitz,3599
Tye Sheridan,3600
Tyler Jones,3601
Tyler Nathan,3602
Tyler Posey,3603
Tyler Williams,3604
Tyra Banks,3605
Tyrel Williams,3606
Una Merkel,3607
Utkarsh Ambudkar,3608
Uzo Aduba,3609
Val Bettin,3610
Val DeVargas,3611
Valentina Zenere,3612
Valerie Taylor,3613
Valery Ortiz,3614
Vanessa Chester,3615
Vanessa Hudgens,3616
Vanessa Lengies,3617
Vanessa Marshall,3618
Vanessa Morgan,3619
Vanessa Williams,3620
Venus Schultheis,3621
Vera Farmiga,3622
Vera Miles,3623
Verna Felton,3624
Veronica Cartwright,3625
Veronica Dunne,3626
Veronica Lauren,3627
Veronica Quilligan,3628
Vic Morrow,3629
Vic Polizos,3630
Vicki Lawrence,3631
Vicki Lewis,3632
Victor French,3633
Victor Garber,3634
Victor Millan,3635
Victor Nischeta,3636
Victoria Vosburg,3637
Vin Diesel,3638
Vince Corazza,3639
Vincent Cassel,3640
Vincent Gale,3641
Vincent Martella,3642
Vincent Phillip D'Onofrio,3643
Vincent Price,3644
Vincent Tong,3645
Vincent Winter,3646
Vinessa Shaw,3647
Ving Rhames,3648
Virginia Gardner,3649
Virginya Keehne,3650
ViviAnn Yee,3651
Vivian Bayubay,3652
Vivian Pickles,3653
W. Morgan Sheppard,3654
W. Sheppard,3655
W.H. Macy,3656
Walker Edminston,3657
Wallace Shawn,3658
Wally Wolodarsky,3659
Walt Disney,3660
Walter Barnes,3661
Walter Brennan,3662
Walter Catlett,3663
Walter Cronkite,3664
Walter Fitzgerald,3665
Walter Matthau,3666
Walter Slezak,3667
Walton Goggins,3668
Wanda Sykes,3669
Ward Kimball,3670
Warwick Davis,3671
Wayne Allwine,3672
Wayne Knight,3673
Wayne Lee,3674
Wayne Robson,3675
Wendie Malick,3676
Wendy Benchley,3677
Wendy Calio,3678
Wendy Crewson,3679
Wendy Makkena,3680
Wendy Phillips,3681
Wes Bentley,3682
Wes Tian,3683
Wesley Mann,3684
Whitney Houston,3685
Whitney Sloan,3686
Whoopi Goldberg,3687
Wilford Brimley,3688
Will Arnett,3689
Will Friedle,3690
Will Meyers,3691
Will Patton,3692
Will Poulter,3693
Will Ryan,3694
Will Sasso,3695
Will Smith,3696
Willem Dafoe,3697
William Ainscough,3698
William Brent,3699
William Daniels,3700
William Green,3701
William Hickey,3702
William Knight,3703
William McGuire,3704
William Moseley,3705
William Schallert,3706
William Shatner,3707
William Sheppard,3708
William Woodson,3709
Willy Ley,3710
Wilmer Valderrama,3711
Winona Ryder,3712
Winslow Fegley,3713
Winston Hibler,3714
Wolfgang Puck,3715
Wood Harris,3716
Woody Harrelson,3717
Wyatt Russell,3718
YOSHIKI,3719
Yani Gellman,3720
Yannick Bisson,3721
Yeardley Smith,3722
Yifei Liu,3723
Yin Chang,3724
Yoson An,3725
Yuji Okumoto,3726
Yvette Brown,3727
Yvette Mimieux,3728
Yvette Nicole Brown,3729
Zac Efron,3730
Zach Braff,3731
Zach Galifianakis,3732
Zachary Fine,3733
Zachary Gordon,3734
Zachary Levi,3735
Zahn McClarnon,3736
Zena Grey,3737
Zendaya ,3738
Zeno Robinson,3739
Zersenay Tadese,3740
Zhang Qi,3741
Zhong Yu,3742
Zo Saldana,3743
Zoe Saldana,3744
Zooey Deschanel,3745
a-chan ,3746
ine Sunderland,3747
mile Genest,3748
nan,3749
will.i.am ,3750
